PrimaryKey,ShadedRegionID,ComponentID,ComponentStrokes,StrokesRemaining,Kanji,KanjiID,Occurrences,TotalStrokes
1.人,1,1,2,0,人,15,2,2
1.化,1,1,2,2,化,414,2,4
1.仏,1,1,2,2,仏,416,2,4
1.仁,1,1,2,2,仁,1879,1,4
1.仕,1,1,2,3,仕,236,1,5
1.付,1,1,2,3,付,365,2,5
1.代,1,1,2,3,代,413,1,5
1.他,1,1,2,3,他,415,2,5
1.仙,1,1,2,3,仙,1880,1,5
1.休,1,1,2,4,休,138,1,6
1.伝,1,1,2,4,伝,278,1,6
1.件,1,1,2,4,件,482,1,6
1.任,1,1,2,4,任,639,1,6
1.仰,1,1,2,4,仰,1134,1,6
1.仮,1,1,2,4,仮,1141,2,6
1.仲,1,1,2,4,仲,1169,1,6
1.伏,1,1,2,4,伏,1421,1,6
1.伐,1,1,2,4,伐,1422,2,6
1.伎,1,1,2,4,伎,2127,1,6
1.何,1,1,2,5,何,80,1,7
1.低,1,1,2,5,低,108,1,7
1.作,1,1,2,5,作,137,2,7
1.住,1,1,2,5,住,141,2,7
1.体,1,1,2,5,体,165,1,7
1.位,1,1,2,5,位,417,1,7
1.佐,1,1,2,5,佐,1002,1,7
1.似,1,1,2,5,似,1172,1,7
1.伺,1,1,2,5,伺,1245,2,7
1.伸,1,1,2,5,伸,1246,2,7
1.伴,1,1,2,5,伴,1423,1,7
1.伯,1,1,2,5,伯,1877,1,7
1.但,1,1,2,5,但,1921,1,7
1.使,1,1,2,6,使,199,1,8
1.供,1,1,2,6,供,418,1,8
1.価,1,1,2,6,価,425,1,8
1.例,1,1,2,6,例,811,1,8
1.依,1,1,2,6,依,890,1,8
1.併,1,1,2,6,併,1250,1,8
1.侮,1,1,2,6,侮,1801,2,8
1.侍,1,1,2,6,侍,1878,2,8
1.佳,1,1,2,6,佳,1928,1,8
1.便,1,1,2,7,便,227,1,9
1.係,1,1,2,7,係,447,1,9
1.信,1,1,2,7,信,640,1,9
1.保,1,1,2,7,保,665,1,9
1.促,1,1,2,7,促,1170,1,9
1.俗,1,1,2,7,俗,1243,2,9
1.侵,1,1,2,7,侵,1244,1,9
1.俊,1,1,2,7,俊,1424,1,9
1.侯,1,1,2,7,侯,1876,1,9
1.侶,1,1,2,7,侶,2123,1,9
1.倍,1,1,2,8,倍,158,2,10
1.借,1,1,2,8,借,182,2,10
1.倒,1,1,2,8,倒,225,1,10
1.値,1,1,2,8,値,426,2,10
1.個,1,1,2,8,個,469,1,10
1.停,1,1,2,9,停,481,1,11
1.倫,1,1,2,8,倫,497,2,10
1.側,1,1,2,9,側,809,1,11
1.俳,1,1,2,8,俳,1167,2,10
1.候,1,1,2,8,候,1174,1,10
1.修,1,1,2,8,修,1175,1,10
1.倣,1,1,2,8,倣,1247,1,10
1.倹,1,1,2,8,倹,1425,2,10
1.俵,1,1,2,8,俵,1426,1,10
1.俸,1,1,2,8,俸,1427,1,10
1.俺,1,1,2,8,俺,2062,1,10
1.健,1,1,2,9,健,1053,1,11
1.偏,1,1,2,9,偏,1176,2,11
1.偶,1,1,2,9,偶,1240,1,11
1.偽,1,1,2,9,偽,1428,1,11
1.偵,1,1,2,9,偵,1765,1,11
1.備,1,1,2,10,備,613,1,12
1.偉,1,1,2,10,偉,1242,2,12
1.傍,1,1,2,10,傍,1429,1,12
1.働,1,1,2,11,働,192,1,13
1.傷,1,1,2,11,傷,835,1,13
1.傾,1,1,2,11,傾,1173,1,13
1.催,1,1,2,11,催,1248,1,13
1.債,1,1,2,11,債,1249,2,13
1.僧,1,1,2,11,僧,1430,2,13
1.傑,1,1,2,11,傑,1431,1,13
1.傲,1,1,2,11,傲,2063,1,13
1.僅,1,1,2,11,僅,2114,1,13
1.像,1,1,2,12,像,940,1,14
1.僚,1,1,2,12,僚,1182,1,14
1.僕,1,1,2,12,僕,1241,1,14
1.億,1,1,2,13,億,650,1,15
1.儀,1,1,2,13,儀,936,2,15
1.儒,1,1,2,14,儒,1891,1,16
1.償,1,1,2,15,償,712,1,17
1.優,1,1,2,15,優,1168,1,17
2.次,1,2,2,4,次,660,2,6
2.冷,1,2,2,5,冷,662,2,7
2.冶,1,2,2,5,冶,2081,1,7
2.凍,1,2,2,8,凍,1094,1,10
2.准,1,2,2,8,准,1635,2,10
2.凄,1,2,2,8,凄,2066,1,10
2.凝,1,2,2,14,凝,1790,1,16
3.十,1,3,2,0,十,10,2,2
3.協,1,3,2,6,協,444,1,8
3.博,1,3,2,10,博,798,1,12
4.口,1,4,3,0,口,167,2,3
4.𠮟,1,4,3,2,𠮟,2097,1,5
4.吸,1,4,3,3,吸,272,2,6
4.叫,1,4,3,3,叫,1291,1,6
4.吐,1,4,3,3,吐,1432,1,6
4.吹,1,4,3,4,吹,259,1,7
4.吟,1,4,3,4,吟,1904,1,7
4.呼,1,4,3,5,呼,197,1,8
4.味,1,4,3,5,味,311,1,8
4.呪,1,4,3,5,呪,2099,1,8
4.咲,1,4,3,6,咲,261,1,9
4.咽,1,4,3,6,咽,1985,1,9
4.唆,1,4,3,7,唆,1433,1,10
4.哺,1,4,3,7,哺,2001,1,10
4.唄,1,4,3,7,唄,2128,1,10
4.喝,1,4,3,8,喝,1434,1,11
4.唯,1,4,3,8,唯,1636,2,11
4.唱,1,4,3,8,唱,1809,1,11
4.唾,1,4,3,8,唾,1984,1,11
4.喫,1,4,3,9,喫,752,1,12
4.喚,1,4,3,9,喚,1435,1,12
4.喉,1,4,3,9,喉,1986,1,12
4.喩,1,4,3,9,喩,2132,1,12
4.嘆,1,4,3,10,嘆,1436,1,13
4.嗅,1,4,3,10,嗅,2055,1,13
4.鳴,1,4,3,11,鳴,487,2,14
4.嘱,1,4,3,12,嘱,1437,1,15
4.噴,1,4,3,12,噴,1633,1,15
4.嘲,1,4,3,12,嘲,2095,1,15
4.嚇,1,4,3,14,嚇,1923,1,17
5.土,1,5,3,0,土,22,2,3
5.地,1,5,3,3,地,146,2,6
5.坂,1,5,3,4,坂,605,2,7
5.坊,1,5,3,4,坊,782,2,7
5.均,1,5,3,4,均,1014,1,7
5.坑,1,5,3,4,坑,1925,2,7
5.坪,1,5,3,5,坪,1913,1,8
5.城,1,5,3,6,城,942,1,9
5.垣,1,5,3,6,垣,1784,1,9
5.埋,1,5,3,7,埋,1261,1,10
5.域,1,5,3,8,域,1072,1,11
5.堀,1,5,3,8,堀,1260,1,11
5.培,1,5,3,8,培,1640,2,11
5.埼,1,5,3,8,埼,1945,1,11
5.堆,1,5,3,8,堆,2014,1,11
5.場,1,5,3,9,場,335,2,12
5.塔,1,5,3,9,塔,1438,1,12
5.塀,1,5,3,9,塀,1439,1,12
5.堪,1,5,3,9,堪,1758,1,12
5.堤,1,5,3,9,堤,1852,1,12
5.塚,1,5,3,9,塚,1889,1,12
5.塩,1,5,3,10,塩,924,1,13
5.塊,1,5,3,10,塊,1753,2,13
5.塡,1,5,3,10,塡,2084,1,13
5.増,1,5,3,11,増,429,2,14
5.境,1,5,3,11,境,1036,1,14
5.墳,1,5,3,12,墳,1888,1,15
5.壊,1,5,3,13,壊,1038,1,16
5.壇,1,5,3,13,壇,1440,1,16
5.壌,1,5,3,13,壌,1650,1,16
6.外,1,6,3,2,外,150,1,5
7.女,1,7,3,0,女,68,2,3
7.奴,1,7,3,2,奴,1871,1,5
7.好,1,7,3,3,好,244,1,6
7.如,1,7,3,3,如,1441,1,6
7.妃,1,7,3,3,妃,1869,2,6
7.妨,1,7,3,4,妨,784,2,7
7.妙,1,7,3,4,妙,1150,2,7
7.妊,1,7,3,4,妊,1330,1,7
7.妖,1,7,3,4,妖,2071,1,7
7.姉,1,7,3,5,姉,77,1,8
7.妹,1,7,3,5,妹,78,1,8
7.始,1,7,3,5,始,129,2,8
7.姓,1,7,3,5,姓,598,2,8
7.妬,1,7,3,5,妬,2092,1,8
7.姻,1,7,3,6,姻,1442,1,9
7.娘,1,7,3,7,娘,601,1,10
7.娯,1,7,3,7,娯,1329,1,10
7.娠,1,7,3,7,娠,1331,2,10
7.姫,1,7,3,7,姫,1868,1,10
7.婚,1,7,3,8,婚,303,1,11
7.婦,1,7,3,8,婦,597,2,11
7.婿,1,7,3,9,婿,600,1,12
7.媒,1,7,3,9,媒,1760,1,12
7.媛,1,7,3,9,媛,1950,1,12
7.嫁,1,7,3,10,嫁,599,1,13
7.嫌,1,7,3,10,嫌,1325,1,13
7.嫉,1,7,3,10,嫉,2091,1,13
7.嫡,1,7,3,11,嫡,1870,2,14
7.嬢,1,7,3,13,嬢,1649,1,16
8.子,1,8,3,0,子,69,2,3
8.孔,1,8,3,1,孔,1881,2,4
8.孤,1,8,3,6,孤,1381,1,9
8.孫,1,8,3,7,孫,448,1,10
9.山,1,9,3,0,山,100,2,3
9.岐,1,9,3,4,岐,1443,2,7
9.岬,1,9,3,5,岬,1850,1,8
9.峡,1,9,3,6,峡,1294,1,9
9.峠,1,9,3,6,峠,1849,1,9
9.峰,1,9,3,7,峰,1848,1,10
9.崎,1,9,3,8,崎,1293,1,11
10.川,1,10,3,0,川,101,2,3
10.順,1,10,3,9,順,952,2,12
11.工,1,11,3,0,工,379,2,3
11.功,1,11,3,2,功,378,2,5
11.巧,1,11,3,2,巧,1786,1,5
11.攻,1,11,3,4,攻,1040,2,7
11.項,1,11,3,9,項,1222,2,12
12.巾,1,12,3,0,巾,2021,2,3
12.帆,1,12,3,3,帆,1444,1,6
12.帳,1,12,3,8,帳,1184,2,11
12.幅,1,12,3,9,幅,897,1,12
12.帽,1,12,3,9,帽,1279,1,12
13.幻,1,13,3,1,幻,1814,1,4
13.幼,1,13,3,2,幼,1099,2,5
14.弓,1,14,3,0,弓,592,2,3
14.引,1,14,3,1,引,257,1,4
14.弦,1,14,3,5,弦,1446,1,8
14.弥,1,14,3,5,弥,1953,1,8
14.弧,1,14,3,6,弧,1447,1,9
14.弱,1,14,3,7,弱,112,1,10
14.強,1,14,3,8,強,111,1,11
14.張,1,14,3,8,張,1185,2,11
14.弾,1,14,3,9,弾,590,2,12
15.行,1,15,3,3,行,58,2,6
15.役,1,15,3,4,役,609,2,7
15.往,1,15,3,5,往,520,2,8
15.彼,1,15,3,5,彼,1146,2,8
15.征,1,15,3,5,征,1389,1,8
15.径,1,15,3,5,径,1448,2,8
15.後,1,15,3,6,後,30,1,9
15.待,1,15,3,6,待,195,2,9
15.律,1,15,3,6,律,519,2,9
15.徒,1,15,3,7,徒,641,1,10
15.従,1,15,3,7,従,642,1,10
15.徐,1,15,3,7,徐,1390,2,10
15.術,1,15,3,8,術,370,2,11
15.得,1,15,3,8,得,643,1,11
15.街,1,15,3,9,街,371,2,12
15.復,1,15,3,9,復,521,2,12
15.御,1,15,3,9,御,919,1,12
15.循,1,15,3,9,循,1387,1,12
15.微,1,15,3,10,微,1149,1,13
15.徳,1,15,3,11,徳,644,1,14
15.徴,1,15,3,11,徴,1148,1,14
15.徹,1,15,3,12,徹,1147,1,15
15.衝,1,15,3,12,衝,1388,2,15
15.衛,1,15,3,13,衛,780,2,16
15.衡,1,15,3,13,衡,1449,2,16
16.忙,1,16,3,3,忙,126,1,6
16.快,1,16,3,4,快,656,1,7
16.性,1,16,3,5,性,421,2,8
16.怪,1,16,3,5,怪,1450,1,8
16.怖,1,16,3,5,怖,1451,1,8
16.悔,1,16,3,6,悔,1219,2,9
16.恨,1,16,3,6,恨,1452,2,9
16.恒,1,16,3,6,恒,1785,1,9
16.悩,1,16,3,7,悩,1110,1,10
16.悦,1,16,3,7,悦,1453,2,10
16.悟,1,16,3,7,悟,1454,1,10
16.情,1,16,3,8,情,654,2,11
16.惜,1,16,3,8,惜,1455,2,11
16.悼,1,16,3,8,悼,1456,1,11
16.惨,1,16,3,8,惨,1457,1,11
16.惧,1,16,3,8,惧,2093,1,11
16.愉,1,16,3,9,愉,1458,2,12
16.慌,1,16,3,9,慌,1459,1,12
16.惰,1,16,3,9,惰,1460,2,12
16.慎,1,16,3,10,慎,1220,1,13
16.慨,1,16,3,10,慨,1461,1,13
16.慄,1,16,3,10,慄,2116,1,13
16.慢,1,16,3,11,慢,653,1,14
16.慣,1,16,3,11,慣,655,1,14
16.憎,1,16,3,11,憎,1462,2,14
16.憤,1,16,3,12,憤,1634,1,15
16.憧,1,16,3,12,憧,2076,1,15
16.憬,1,16,3,12,憬,2077,1,15
16.憶,1,16,3,13,憶,651,1,16
16.懐,1,16,3,13,懐,1463,1,16
16.憾,1,16,3,13,憾,1464,1,16
17.払,1,17,3,2,払,189,2,5
17.打,1,17,3,2,打,771,2,5
17.扱,1,17,3,3,扱,1266,2,6
17.投,1,17,3,4,投,282,2,7
17.技,1,17,3,4,技,369,2,7
17.抗,1,17,3,4,抗,747,2,7
17.択,1,17,3,4,択,764,2,7
17.抜,1,17,3,4,抜,769,1,7
17.折,1,17,3,4,折,772,2,7
17.批,1,17,3,4,批,1051,1,7
17.抑,1,17,3,4,抑,1264,1,7
17.抄,1,17,3,4,抄,1465,2,7
17.扶,1,17,3,4,扶,1466,1,7
17.把,1,17,3,4,把,1467,1,7
17.押,1,17,3,5,押,256,1,8
17.招,1,17,3,5,招,696,2,8
17.抵,1,17,3,5,抵,746,1,8
17.拝,1,17,3,5,拝,766,1,8
17.拡,1,17,3,5,拡,768,1,8
17.拒,1,17,3,5,拒,1005,1,8
17.抱,1,17,3,5,抱,1012,2,8
17.担,1,17,3,5,担,1050,1,8
17.拠,1,17,3,5,拠,1213,1,8
17.抽,1,17,3,5,抽,1254,2,8
17.拍,1,17,3,5,拍,1255,2,8
17.拓,1,17,3,5,拓,1263,1,8
17.拐,1,17,3,5,拐,1265,1,8
17.披,1,17,3,5,披,1468,1,8
17.拘,1,17,3,5,拘,1469,1,8
17.拙,1,17,3,5,拙,1470,1,8
17.抹,1,17,3,5,抹,1471,1,8
17.拉,1,17,3,5,拉,2057,1,8
17.持,1,17,3,6,持,142,2,9
17.拾,1,17,3,6,拾,273,1,9
17.指,1,17,3,6,指,775,1,9
17.挑,1,17,3,6,挑,1268,2,9
17.括,1,17,3,6,括,1472,2,9
17.挟,1,17,3,6,挟,1473,1,9
17.拷,1,17,3,6,拷,1474,1,9
17.拶,1,17,3,6,拶,2034,1,9
17.拭,1,17,3,6,拭,2078,1,9
17.振,1,17,3,7,振,770,2,10
17.捕,1,17,3,7,捕,1049,2,10
17.捜,1,17,3,7,捜,1475,1,10
17.挿,1,17,3,7,挿,1478,1,10
17.挫,1,17,3,7,挫,1981,1,10
17.挨,1,17,3,7,挨,2033,1,10
17.捉,1,17,3,7,捉,2080,1,10
17.捗,1,17,3,7,捗,2088,1,10
17.捨,1,17,3,8,捨,285,1,11
17.授,1,17,3,8,授,312,1,11
17.接,1,17,3,8,接,748,1,11
17.描,1,17,3,8,描,765,1,11
17.採,1,17,3,8,採,773,1,11
17.掃,1,17,3,8,掃,957,1,11
17.推,1,17,3,8,推,1009,2,11
17.掲,1,17,3,8,掲,1011,1,11
17.探,1,17,3,8,探,1258,1,11
17.掘,1,17,3,8,掘,1259,1,11
17.排,1,17,3,8,排,1262,2,11
17.措,1,17,3,8,措,1476,2,11
17.掛,1,17,3,8,掛,1477,1,11
17.控,1,17,3,8,控,1479,1,11
17.据,1,17,3,8,据,1480,1,11
17.捻,1,17,3,8,捻,1980,1,11
17.換,1,17,3,9,換,749,1,12
17.提,1,17,3,9,提,767,1,12
17.揮,1,17,3,9,揮,776,2,12
17.握,1,17,3,9,握,1257,1,12
17.援,1,17,3,9,援,1270,1,12
17.揚,1,17,3,9,揚,1481,2,12
17.搭,1,17,3,9,搭,1483,1,12
17.揺,1,17,3,9,揺,1789,1,12
17.損,1,17,3,10,損,396,1,13
17.摂,1,17,3,10,摂,1482,1,13
17.搾,1,17,3,10,搾,1484,1,13
17.携,1,17,3,10,携,1486,1,13
17.搬,1,17,3,10,搬,1487,1,13
17.摘,1,17,3,11,摘,1256,2,14
17.撮,1,17,3,12,撮,1267,1,15
17.撤,1,17,3,12,撤,1488,1,15
17.撲,1,17,3,12,撲,1489,1,15
17.操,1,17,3,13,操,1485,2,16
17.擁,1,17,3,13,擁,1490,1,16
17.擦,1,17,3,14,擦,1416,1,17
17.擬,1,17,3,14,擬,1791,1,17
18.汁,1,18,3,2,汁,1399,2,5
18.氾,1,18,3,2,氾,2086,1,5
18.池,1,18,3,3,池,452,2,6
18.汗,1,18,3,3,汗,507,2,6
18.江,1,18,3,3,江,905,1,6
18.汚,1,18,3,3,汚,907,1,6
18.汎,1,18,3,3,汎,2106,1,6
18.決,1,18,3,4,決,277,1,7
18.沖,1,18,3,4,沖,912,1,7
18.沈,1,18,3,4,沈,1129,1,7
18.没,1,18,3,4,没,1130,1,7
18.沢,1,18,3,4,沢,1395,2,7
18.汽,1,18,3,4,汽,1491,1,7
18.沃,1,18,3,4,沃,2016,1,7
18.沙,1,18,3,4,沙,2035,1,7
18.汰,1,18,3,4,汰,2036,1,7
18.泳,1,18,3,5,泳,193,1,8
18.泊,1,18,3,5,泊,207,2,8
18.泣,1,18,3,5,泣,252,1,8
18.注,1,18,3,5,注,290,2,8
18.法,1,18,3,5,法,518,1,8
18.治,1,18,3,5,治,531,2,8
18.油,1,18,3,5,油,624,2,8
18.波,1,18,3,5,波,913,2,8
18.況,1,18,3,5,況,1017,1,8
18.河,1,18,3,5,河,1127,1,8
18.沿,1,18,3,5,沿,1128,2,8
18.泌,1,18,3,5,泌,1492,1,8
18.泥,1,18,3,5,泥,1493,1,8
18.沸,1,18,3,5,沸,1494,1,8
18.泡,1,18,3,5,泡,1629,2,8
18.沼,1,18,3,5,沼,1842,1,8
18.浅,1,18,3,6,浅,122,2,9
18.洗,1,18,3,6,洗,198,1,9
18.海,1,18,3,6,海,454,2,9
18.活,1,18,3,6,活,517,2,9
18.洋,1,18,3,6,洋,917,2,9
18.派,1,18,3,6,派,1191,1,9
18.洪,1,18,3,6,洪,1396,1,9
18.津,1,18,3,6,津,1397,2,9
18.浄,1,18,3,6,浄,1495,1,9
18.洞,1,18,3,6,洞,1844,1,9
18.酒,1,18,3,7,酒,144,1,10
18.消,1,18,3,7,消,219,1,10
18.流,1,18,3,7,流,279,1,10
18.浮,1,18,3,7,浮,820,1,10
18.浜,1,18,3,7,浜,911,1,10
18.涙,1,18,3,7,涙,1081,1,10
18.浴,1,18,3,7,浴,1126,2,10
18.浪,1,18,3,7,浪,1398,1,10
18.浸,1,18,3,7,浸,1496,1,10
18.浦,1,18,3,7,浦,1846,2,10
18.深,1,18,3,8,深,121,1,11
18.涼,1,18,3,8,涼,340,1,11
18.渉,1,18,3,8,渉,505,1,11
18.済,1,18,3,8,済,516,1,11
18.清,1,18,3,8,清,754,2,11
18.混,1,18,3,8,混,837,1,11
18.液,1,18,3,8,液,906,1,11
18.添,1,18,3,8,添,1131,1,11
18.渇,1,18,3,8,渇,1394,1,11
18.渋,1,18,3,8,渋,1400,1,11
18.淡,1,18,3,8,淡,1401,1,11
18.涯,1,18,3,8,涯,1497,1,11
18.淑,1,18,3,8,淑,1767,1,11
18.渓,1,18,3,8,渓,1843,1,11
18.淫,1,18,3,8,淫,2069,1,11
18.渡,1,18,3,9,渡,205,1,12
18.減,1,18,3,9,減,430,2,12
18.湖,1,18,3,9,湖,453,1,12
18.満,1,18,3,9,満,555,1,12
18.測,1,18,3,9,測,810,1,12
18.湯,1,18,3,9,湯,836,2,12
18.湿,1,18,3,9,湿,838,1,12
18.温,1,18,3,9,温,839,1,12
18.港,1,18,3,9,港,909,1,12
18.湾,1,18,3,9,湾,910,1,12
18.渦,1,18,3,9,渦,1498,1,12
18.滋,1,18,3,9,滋,1776,1,12
18.湧,1,18,3,9,湧,2015,1,12
18.漢,1,18,3,10,漢,527,1,13
18.源,1,18,3,10,源,854,1,13
18.漠,1,18,3,10,漠,1159,1,13
18.滑,1,18,3,10,滑,1392,1,13
18.滞,1,18,3,10,滞,1402,1,13
18.溝,1,18,3,10,溝,1499,2,13
18.滅,1,18,3,10,滅,1500,1,13
18.溶,1,18,3,10,溶,1501,1,13
18.滝,1,18,3,10,滝,1841,1,13
18.溺,1,18,3,10,溺,2048,1,13
18.演,1,18,3,11,演,616,1,14
18.漫,1,18,3,11,漫,652,1,14
18.漁,1,18,3,11,漁,914,1,14
18.漏,1,18,3,11,漏,1502,1,14
18.漸,1,18,3,11,漸,1503,2,14
18.滴,1,18,3,11,滴,1504,2,14
18.漆,1,18,3,11,漆,1505,1,14
18.漬,1,18,3,11,漬,1506,2,14
18.漂,1,18,3,11,漂,1507,1,14
18.潔,1,18,3,12,潔,753,1,15
18.潜,1,18,3,12,潜,1393,1,15
18.潮,1,18,3,12,潮,1508,1,15
18.潤,1,18,3,12,潤,1509,1,15
18.澄,1,18,3,12,澄,1510,1,15
18.潟,1,18,3,12,潟,1847,1,15
18.潰,1,18,3,12,潰,1995,1,15
18.濃,1,18,3,13,濃,627,1,16
18.激,1,18,3,13,激,1039,1,16
18.濁,1,18,3,13,濁,1511,1,16
18.濯,1,18,3,14,濯,301,1,17
18.濫,1,18,3,15,濫,1512,1,18
18.瀬,1,18,3,16,瀬,1845,1,19
19.壮,1,19,3,3,壮,1445,1,6
19.状,1,19,3,4,状,829,2,7
19.将,1,19,3,7,将,830,1,10
20.犯,1,20,3,2,犯,1046,1,5
20.狂,1,20,3,4,狂,1513,1,7
20.狙,1,20,3,5,狙,2056,1,8
20.独,1,20,3,6,独,559,2,9
20.狭,1,20,3,6,狭,560,1,9
20.狩,1,20,3,6,狩,1514,1,9
20.猫,1,20,3,8,猫,1410,1,11
20.猟,1,20,3,8,猟,1515,1,11
20.猛,1,20,3,8,猛,1516,1,11
20.猶,1,20,3,9,猶,1517,1,12
20.猿,1,20,3,10,猿,1865,1,13
20.獄,1,20,3,11,獄,1518,2,14
20.獲,1,20,3,13,獲,1408,2,16
21.防,1,21,3,4,防,781,2,7
21.阪,1,21,3,4,阪,1948,2,7
21.阻,1,21,3,5,阻,1519,2,8
21.附,1,21,3,5,附,1520,1,8
21.限,1,21,3,6,限,975,2,9
21.降,1,21,3,7,降,136,1,10
21.院,1,21,3,7,院,230,1,10
21.除,1,21,3,7,除,958,2,10
21.陛,1,21,3,7,陛,1521,1,10
21.陥,1,21,3,7,陥,1522,1,10
21.陣,1,21,3,7,陣,1523,1,10
21.険,1,21,3,8,険,790,2,11
21.陸,1,21,3,8,陸,833,1,11
21.陳,1,21,3,8,陳,1524,1,11
21.陰,1,21,3,8,陰,1525,1,11
21.陶,1,21,3,8,陶,1526,1,11
21.陪,1,21,3,8,陪,1641,2,11
21.陵,1,21,3,8,陵,1886,1,11
21.隆,1,21,3,8,隆,1924,1,11
21.階,1,21,3,9,階,607,1,12
21.隊,1,21,3,9,隊,779,1,12
21.陽,1,21,3,9,陽,834,2,12
21.隅,1,21,3,9,隅,1239,1,12
21.随,1,21,3,9,随,1792,1,12
21.隔,1,21,3,10,隔,1236,1,13
21.隙,1,21,3,10,隙,2040,1,13
21.際,1,21,3,11,際,474,1,14
21.隣,1,21,3,13,隣,980,1,16
21.障,1,21,3,11,障,1028,1,14
21.隠,1,21,3,11,隠,1235,1,14
22.方,1,22,4,0,方,43,4,4
22.放,1,22,4,4,放,723,2,8
22.施,1,22,4,5,施,612,1,9
22.旅,1,22,4,6,旅,153,1,10
22.族,1,22,4,7,族,322,1,11
22.旋,1,22,4,7,旋,1527,1,11
22.旗,1,22,4,10,旗,1528,1,14
23.日,1,23,4,0,日,16,2,4
23.明,1,23,4,4,明,106,2,8
23.旺,1,23,4,4,旺,2068,1,8
23.映,1,23,4,5,映,234,1,9
23.昨,1,23,4,5,昨,621,2,9
23.昭,1,23,4,5,昭,867,2,9
23.昧,1,23,4,5,昧,2108,1,9
23.時,1,23,4,6,時,25,2,10
23.晩,1,23,4,8,晩,94,1,12
23.晴,1,23,4,8,晴,281,2,12
23.暁,1,23,4,8,暁,1858,1,12
23.暗,1,23,4,9,暗,107,1,13
23.暖,1,23,4,9,暖,339,1,13
23.暇,1,23,4,9,暇,622,1,13
23.曖,1,23,4,13,曖,2107,1,17
23.曜,1,23,4,14,曜,23,1,18
24.肌,1,24,4,2,肌,1345,3,6
24.肝,1,24,4,3,肝,1107,2,7
24.肘,1,24,4,3,肘,1976,1,7
24.服,1,24,4,4,服,317,2,8
24.肪,1,24,4,4,肪,1351,2,8
24.肥,1,24,4,4,肥,1352,1,8
24.肢,1,24,4,4,肢,1355,2,8
24.股,1,24,4,4,股,1977,1,8
24.肺,1,24,4,5,肺,1343,1,9
24.胆,1,24,4,5,胆,1344,1,9
24.胎,1,24,4,5,胎,1544,2,9
24.胞,1,24,4,5,胞,1630,2,9
24.胸,1,24,4,6,胸,1086,1,10
24.胴,1,24,4,6,胴,1341,1,10
24.脂,1,24,4,6,脂,1350,1,10
24.脈,1,24,4,6,脈,1353,1,10
24.朕,1,24,4,6,朕,1935,1,10
24.脇,1,24,4,6,脇,2041,1,10
24.脱,1,24,4,7,脱,191,2,11
24.豚,1,24,4,7,豚,1089,2,11
24.脳,1,24,4,7,脳,1109,1,11
24.脚,1,24,4,7,脚,1545,1,11
24.勝,1,24,4,8,勝,263,1,12
24.腕,1,24,4,8,腕,1342,1,12
24.腰,1,24,4,9,腰,1087,1,13
24.腹,1,24,4,9,腹,1088,2,13
24.腸,1,24,4,9,腸,1106,2,13
24.腺,1,24,4,9,腺,1989,1,13
24.腫,1,24,4,9,腫,1990,1,13
24.膜,1,24,4,10,膜,1546,1,14
24.膝,1,24,4,11,膝,1978,1,15
24.膨,1,24,4,12,膨,1354,2,16
24.膳,1,24,4,12,膳,1968,1,16
24.謄,1,24,4,13,謄,1934,1,17
24.臆,1,24,4,13,臆,2101,1,17
24.臓,1,24,4,15,臓,1108,1,19
24.騰,1,24,4,16,騰,1547,1,20
25.木,1,25,4,0,木,20,2,4
25.札,1,25,4,1,札,984,2,5
25.机,1,25,4,2,机,38,2,6
25.朴,1,25,4,2,朴,1529,1,6
25.朽,1,25,4,2,朽,1787,1,6
25.村,1,25,4,3,村,364,2,7
25.材,1,25,4,3,材,740,2,7
25.杉,1,25,4,3,杉,1357,1,7
25.林,1,25,4,4,林,459,1,8
25.枠,1,25,4,4,枠,510,2,8
25.松,1,25,4,4,松,970,1,8
25.枝,1,25,4,4,枝,972,2,8
25.枚,1,25,4,4,枚,982,2,8
25.杯,1,25,4,4,杯,983,1,8
25.析,1,25,4,4,析,985,2,8
25.板,1,25,4,4,板,987,2,8
25.枢,1,25,4,4,枢,1530,2,8
25.枕,1,25,4,4,枕,2029,1,8
25.相,1,25,4,5,相,391,1,9
25.柄,1,25,4,5,柄,989,1,9
25.柱,1,25,4,5,柱,990,2,9
25.枯,1,25,4,5,枯,1356,1,9
25.柳,1,25,4,5,柳,1854,1,9
25.栃,1,25,4,5,栃,1944,1,9
25.柿,1,25,4,5,柿,1955,1,9
25.柵,1,25,4,5,柵,2030,1,9
25.校,1,25,4,6,校,51,2,10
25.格,1,25,4,6,格,852,2,10
25.桜,1,25,4,6,桜,968,1,10
25.梅,1,25,4,6,梅,969,2,10
25.桃,1,25,4,6,桃,971,2,10
25.株,1,25,4,6,株,973,2,10
25.根,1,25,4,6,根,974,2,10
25.核,1,25,4,6,核,986,1,10
25.栓,1,25,4,6,栓,1531,1,10
25.桟,1,25,4,6,桟,1532,2,10
25.桁,1,25,4,6,桁,2042,1,10
25.械,1,25,4,7,械,511,2,11
25.梗,1,25,4,7,梗,1997,1,11
25.植,1,25,4,8,植,678,2,12
25.検,1,25,4,8,検,792,2,12
25.棒,1,25,4,8,棒,988,1,12
25.棟,1,25,4,8,棟,1533,1,12
25.棺,1,25,4,8,棺,1534,1,12
25.棋,1,25,4,8,棋,1535,1,12
25.棚,1,25,4,8,棚,1536,1,12
25.椎,1,25,4,8,椎,1996,1,12
25.椅,1,25,4,8,椅,2031,1,12
25.極,1,25,4,8,極,679,1,12
25.楼,1,25,4,9,楼,1887,1,13
25.楷,1,25,4,9,楷,2126,1,13
25.様,1,25,4,10,様,677,1,14
25.構,1,25,4,10,構,991,2,14
25.模,1,25,4,10,模,1160,1,14
25.概,1,25,4,10,概,1161,1,14
25.横,1,25,4,11,横,34,1,15
25.権,1,25,4,11,権,804,1,15
25.標,1,25,4,11,標,1200,1,15
25.槽,1,25,4,11,槽,1537,1,15
25.橋,1,25,4,12,橋,313,1,16
25.機,1,25,4,12,機,334,1,16
25.樹,1,25,4,12,樹,1853,1,16
25.欄,1,25,4,16,欄,1538,1,20
25.鬱,1,25,4,25,鬱,2104,1,29
26.列,1,26,4,2,列,812,2,6
26.残,1,26,4,6,残,223,2,10
26.殊,1,26,4,6,殊,813,2,10
26.殉,1,26,4,6,殉,1539,1,10
26.殖,1,26,4,8,殖,1540,2,12
27.火,1,27,4,0,火,18,2,4
27.灯,1,27,4,2,灯,871,2,6
27.炊,1,27,4,4,炊,1311,2,8
27.炉,1,27,4,4,炉,1802,1,8
27.畑,1,27,4,5,畑,872,2,9
27.焼,1,27,4,8,焼,218,1,12
27.煙,1,27,4,9,煙,1045,1,13
27.煩,1,27,4,9,煩,1646,2,13
27.燃,1,27,4,12,燃,870,1,16
27.燥,1,27,4,13,燥,903,2,17
27.爆,1,27,4,15,爆,1044,1,19
28.牛,1,28,4,0,牛,483,1,4
28.物,1,28,4,4,物,321,1,8
28.牧,1,28,4,4,牧,1273,2,8
28.牲,1,28,4,5,牲,938,2,9
28.特,1,28,4,6,特,398,2,10
28.犠,1,28,4,13,犠,937,2,17
29.王,1,29,4,0,王,577,2,4
29.玩,1,29,4,4,玩,2018,1,8
29.珍,1,29,4,5,珍,1360,1,9
29.班,1,29,4,6,班,1541,1,10
29.珠,1,29,4,6,珠,1769,2,10
29.理,1,29,4,7,理,241,2,11
29.現,1,29,4,7,現,578,2,11
29.球,1,29,4,7,球,935,1,11
29.斑,1,29,4,8,斑,1994,1,12
29.瑠,1,29,4,10,瑠,2129,1,14
29.璃,1,29,4,11,璃,2130,1,15
29.環,1,29,4,13,環,1035,1,17
30.礼,1,30,4,1,礼,822,2,5
30.社,1,30,4,3,社,60,1,7
30.祈,1,30,4,4,祈,823,2,8
30.祉,1,30,4,4,祉,896,1,8
30.神,1,30,4,5,神,586,2,9
30.祖,1,30,4,5,祖,824,2,9
30.祝,1,30,4,5,祝,1018,1,9
30.祥,1,30,4,6,祥,1542,2,10
30.視,1,30,4,7,視,806,2,11
30.禅,1,30,4,9,禅,589,2,13
30.福,1,30,4,9,福,895,1,13
30.禍,1,30,4,9,禍,1543,1,13
31.田,1,31,5,0,田,103,2,5
31.町,1,31,5,2,町,549,2,7
31.畔,1,31,5,5,畔,1857,1,10
31.畝,1,31,5,5,畝,1936,1,10
31.略,1,31,5,6,略,1195,2,11
32.目,1,32,5,0,目,168,2,5
32.眠,1,32,5,5,眠,978,1,10
32.眼,1,32,5,6,眼,976,2,11
32.眺,1,32,5,6,眺,1548,1,11
32.睡,1,32,5,8,睡,977,1,13
32.睦,1,32,5,8,睦,2135,1,13
32.瞳,1,32,5,12,瞳,1970,1,17
32.瞭,1,32,5,12,瞭,2109,1,17
32.瞬,1,32,5,13,瞬,979,1,18
33.務,1,33,5,6,務,388,1,11
34.矢,1,34,5,0,矢,593,1,5
34.知,1,34,5,3,知,143,2,8
34.短,1,34,5,7,短,90,1,12
34.矯,1,34,5,12,矯,1549,1,17
35.石,1,35,5,0,石,102,2,5
35.研,1,35,5,4,研,297,1,9
35.砂,1,35,5,4,砂,1152,2,9
35.砕,1,35,5,4,砕,1550,2,9
35.破,1,35,5,5,破,1037,2,10
35.砲,1,35,5,5,砲,1631,2,10
35.硬,1,35,5,7,硬,1309,1,12
35.硫,1,35,5,7,硫,1551,1,12
35.硝,1,35,5,7,硝,1552,1,12
35.碑,1,35,5,9,碑,1771,1,14
35.磁,1,35,5,9,磁,1777,1,14
35.確,1,35,5,10,確,803,1,15
35.礁,1,35,5,12,礁,1553,1,17
35.礎,1,35,5,13,礎,692,1,18
36.私,1,36,5,2,私,72,2,7
36.利,1,36,5,2,利,248,2,7
36.和,1,36,5,3,和,352,2,8
36.科,1,36,5,4,科,565,2,9
36.秒,1,36,5,4,秒,1151,2,9
36.秋,1,36,5,4,秋,98,1,9
36.秩,1,36,5,5,秩,954,1,10
36.秘,1,36,5,5,秘,1102,1,10
36.称,1,36,5,5,称,1554,1,10
36.租,1,36,5,5,租,1893,2,10
36.移,1,36,5,6,移,1101,1,11
36.税,1,36,5,7,税,670,2,12
36.程,1,36,5,7,程,671,1,12
36.稚,1,36,5,8,稚,1100,2,13
36.種,1,36,5,9,種,564,1,14
36.稿,1,36,5,10,稿,1231,1,15
36.稲,1,36,5,9,稲,1233,1,14
36.穂,1,36,5,10,穂,1856,1,15
36.稼,1,36,5,10,稼,1232,1,15
36.稽,1,36,5,10,稽,2131,1,15
36.積,1,36,5,11,積,886,2,16
36.穏,1,36,5,11,穏,1234,1,16
36.穫,1,36,5,13,穫,1409,2,18
37.立,1,37,5,0,立,174,2,5
37.端,1,37,5,9,端,680,1,14
38.邪,1,38,5,3,邪,1417,2,8
38.雅,1,38,5,8,雅,1638,2,13
39.初,1,39,5,2,初,440,1,7
39.被,1,39,5,5,被,1145,2,10
39.袖,1,39,5,5,袖,2022,1,10
39.補,1,39,5,7,補,1001,2,12
39.裕,1,39,5,7,裕,1125,2,12
39.裸,1,39,5,8,裸,1305,1,13
39.褐,1,39,5,8,褐,1556,1,13
39.裾,1,39,5,8,裾,2023,1,13
39.複,1,39,5,9,複,522,2,14
39.襟,1,39,5,13,襟,1555,1,18
40.即,1,40,5,2,即,700,2,7
40.既,1,40,5,5,既,1162,1,10
41.米,1,41,6,0,米,562,2,6
41.料,1,41,6,4,料,240,2,10
41.粋,1,41,6,4,粋,1069,2,10
41.粉,1,41,6,4,粉,1557,2,10
41.粒,1,41,6,5,粒,1558,1,11
41.粘,1,41,6,5,粘,1559,1,11
41.粗,1,41,6,5,粗,1560,2,11
41.粧,1,41,6,6,粧,1284,1,12
41.精,1,41,6,8,精,877,2,14
41.糖,1,41,6,10,糖,1283,1,16
41.糧,1,41,6,12,糧,1282,1,18
42.糸,1,42,6,0,糸,409,2,6
42.約,1,42,6,3,約,381,2,9
42.級,1,42,6,3,級,410,2,9
42.紀,1,42,6,3,紀,634,2,9
42.紅,1,42,6,3,紅,1295,1,9
42.糾,1,42,6,3,糾,1561,1,9
42.紙,1,42,6,4,紙,243,1,10
42.納,1,42,6,4,納,733,1,10
42.純,1,42,6,4,純,1068,1,10
42.紛,1,42,6,4,紛,1298,2,10
42.紡,1,42,6,4,紡,1563,2,10
42.紋,1,42,6,4,紋,1564,1,10
42.細,1,42,6,5,細,123,2,11
42.終,1,42,6,5,終,130,1,11
42.経,1,42,6,5,経,515,2,11
42.組,1,42,6,5,組,635,2,11
42.紹,1,42,6,5,紹,694,2,11
42.紳,1,42,6,5,紳,1299,2,11
42.紺,1,42,6,5,紺,1562,1,11
42.絡,1,42,6,6,絡,300,2,12
42.結,1,42,6,6,結,302,1,12
42.絵,1,42,6,6,絵,617,1,12
42.給,1,42,6,6,給,618,1,12
42.絶,1,42,6,6,絶,734,2,12
42.統,1,42,6,6,統,1000,1,12
42.絞,1,42,6,6,絞,1565,2,12
42.続,1,42,6,7,続,211,1,13
42.絹,1,42,6,7,絹,880,1,13
42.継,1,42,6,7,継,901,1,13
42.練,1,42,6,8,練,296,1,14
42.緑,1,42,6,8,緑,731,1,14
42.総,1,42,6,8,総,735,1,14
42.綿,1,42,6,8,綿,881,1,14
42.緒,1,42,6,8,緒,1033,1,14
42.維,1,42,6,8,維,1297,2,14
42.綱,1,42,6,8,綱,1566,1,14
42.網,1,42,6,8,網,1567,1,14
42.綻,1,42,6,8,綻,2049,1,14
42.縁,1,42,6,9,縁,732,1,15
42.線,1,42,6,9,線,841,1,15
42.編,1,42,6,9,編,883,2,15
42.締,1,42,6,9,締,1067,1,15
42.緩,1,42,6,9,緩,1271,1,15
42.縄,1,42,6,9,縄,1568,1,15
42.縦,1,42,6,10,縦,1300,1,16
42.縛,1,42,6,10,縛,1569,1,16
42.緯,1,42,6,10,緯,1570,2,16
42.縫,1,42,6,10,縫,1571,1,16
42.緻,1,42,6,10,緻,2110,1,16
42.縮,1,42,6,11,縮,884,1,17
42.績,1,42,6,11,績,885,2,17
42.繊,1,42,6,11,繊,1296,1,17
42.織,1,42,6,12,織,882,1,18
42.繕,1,42,6,12,繕,1572,1,18
42.繰,1,42,6,13,繰,902,2,19
43.耕,1,43,6,4,耕,1782,1,10
43.耗,1,43,6,4,耗,1783,1,10
44.耳,1,44,6,0,耳,169,2,6
44.取,1,44,6,2,取,270,2,8
44.恥,1,44,6,4,恥,1366,1,10
44.聴,1,44,6,11,聴,645,1,17
44.職,1,44,6,12,職,513,1,18
45.至,1,45,6,0,至,1198,2,6
45.到,1,45,6,2,到,287,2,8
45.致,1,45,6,4,致,725,2,10
46.舌,1,46,6,0,舌,1288,3,6
46.乱,1,46,6,1,乱,932,2,7
46.辞,1,46,6,7,辞,931,2,13
47.舟,1,47,6,0,舟,646,2,6
47.般,1,47,6,4,般,648,1,10
47.航,1,47,6,4,航,649,2,10
47.船,1,47,6,5,船,647,2,11
47.舶,1,47,6,5,舶,1573,2,11
47.舷,1,47,6,5,舷,2032,1,11
47.艇,1,47,6,7,艇,1927,1,13
47.艦,1,47,6,15,艦,1892,1,21
48.虫,1,48,6,0,虫,466,2,6
48.虹,1,48,6,3,虹,2006,1,9
48.蚊,1,48,6,4,蚊,1860,1,10
48.蛇,1,48,6,5,蛇,1861,1,11
48.蜂,1,48,6,7,蜂,2005,1,13
49.郎,1,49,6,3,郎,546,2,9
49.朗,1,49,6,4,朗,1628,2,10
50.瓶,1,50,6,5,瓶,1822,1,11
51.帥,1,51,6,3,帥,1894,1,9
51.師,1,51,6,4,師,967,1,10
52.能,1,52,6,4,能,411,1,10
53.臣,1,53,7,0,臣,1003,2,7
53.臨,1,53,7,11,臨,1229,1,18
54.角,1,54,7,0,角,716,2,7
54.解,1,54,7,6,解,293,1,13
54.触,1,54,7,6,触,1382,2,13
55.言,1,55,7,0,言,203,2,7
55.計,1,55,7,2,計,288,2,9
55.訂,1,55,7,2,訂,1206,2,9
55.訃,1,55,7,2,訃,2124,1,9
55.記,1,55,7,3,記,633,2,10
55.討,1,55,7,3,討,946,2,10
55.訓,1,55,7,3,訓,951,1,10
55.託,1,55,7,3,託,1574,1,10
55.設,1,55,7,4,設,611,2,11
55.許,1,55,7,4,許,667,1,11
55.訳,1,55,7,4,訳,761,2,11
55.訪,1,55,7,4,訪,783,2,11
55.訟,1,55,7,4,訟,1208,1,11
55.証,1,55,7,5,証,666,1,12
55.評,1,55,7,5,評,948,1,12
55.詞,1,55,7,5,詞,1205,2,12
55.訴,1,55,7,5,訴,1207,1,12
55.診,1,55,7,5,診,1361,1,12
55.詐,1,55,7,5,詐,1575,2,12
55.詠,1,55,7,5,詠,1905,1,12
55.詔,1,55,7,5,詔,1932,2,12
55.話,1,55,7,6,話,178,2,13
55.試,1,55,7,6,試,795,1,13
55.誠,1,55,7,6,誠,943,1,13
55.詳,1,55,7,6,詳,944,2,13
55.詩,1,55,7,6,詩,945,2,13
55.誇,1,55,7,6,誇,950,1,13
55.詰,1,55,7,6,詰,1576,1,13
55.該,1,55,7,6,該,1577,1,13
55.詮,1,55,7,6,詮,2053,1,13
55.詣,1,55,7,6,詣,2082,1,13
55.語,1,55,7,7,語,154,1,14
55.読,1,55,7,7,読,180,1,14
55.誘,1,55,7,7,誘,274,1,14
55.説,1,55,7,7,説,292,2,14
55.誌,1,55,7,7,誌,524,1,14
55.認,1,55,7,7,認,668,1,14
55.誤,1,55,7,7,誤,949,1,14
55.誰,1,55,7,8,誰,81,2,15
55.調,1,55,7,8,調,210,1,15
55.談,1,55,7,8,談,390,1,15
55.論,1,55,7,8,論,496,2,15
55.課,1,55,7,8,課,669,1,15
55.誕,1,55,7,8,誕,688,1,15
55.請,1,55,7,8,請,878,2,15
55.諸,1,55,7,8,諸,1032,1,15
55.諾,1,55,7,8,諾,1578,1,15
55.謁,1,55,7,8,謁,1899,1,15
55.諭,1,55,7,9,諭,1579,2,16
55.諮,1,55,7,9,諮,1580,1,16
55.謀,1,55,7,9,謀,1761,1,16
55.謡,1,55,7,9,謡,1788,1,16
55.諦,1,55,7,9,諦,2102,1,16
55.諧,1,55,7,9,諧,2125,1,16
55.講,1,55,7,10,講,495,2,17
55.謝,1,55,7,10,謝,947,1,17
55.謙,1,55,7,10,謙,1581,1,17
55.謹,1,55,7,10,謹,1582,1,17
55.謎,1,55,7,10,謎,2051,1,17
55.識,1,55,7,12,識,512,1,19
55.譜,1,55,7,12,譜,1583,1,19
55.議,1,55,7,13,議,494,2,20
55.護,1,55,7,13,護,1115,2,20
55.譲,1,55,7,13,譲,1209,1,20
56.谷,1,56,7,0,谷,458,4,7
56.欲,1,56,7,4,欲,1124,2,11
57.豆,1,57,7,0,豆,471,1,7
57.頭,1,57,7,9,頭,166,2,16
58.貌,1,58,7,7,貌,2072,1,14
59.貝,1,59,7,0,貝,719,2,7
59.則,1,59,7,2,則,808,2,9
59.財,1,59,7,3,財,741,2,10
59.敗,1,59,7,4,敗,718,2,11
59.販,1,59,7,4,販,1223,2,11
59.貯,1,59,7,5,貯,742,1,12
59.貼,1,59,7,5,貼,2079,1,12
59.賄,1,59,7,6,賄,1225,1,13
59.賂,1,59,7,6,賂,1226,1,13
59.賊,1,59,7,6,賊,1584,1,13
59.賦,1,59,7,8,賦,1585,1,15
59.賠,1,59,7,8,賠,1642,2,15
59.賜,1,59,7,8,賜,1898,1,15
59.賭,1,59,7,9,賭,2046,1,16
59.購,1,59,7,10,購,1210,2,17
59.贈,1,59,7,11,贈,1224,2,18
60.足,1,60,7,0,足,171,2,7
60.距,1,60,7,5,距,1007,1,12
60.路,1,60,7,6,路,533,2,13
60.跳,1,60,7,6,跳,1586,2,13
60.跡,1,60,7,6,跡,1587,1,13
60.践,1,60,7,6,践,1588,2,13
60.踊,1,60,7,7,踊,1383,1,14
60.踏,1,60,7,8,踏,266,1,15
60.踪,1,60,7,8,踪,2050,1,15
60.蹴,1,60,7,12,蹴,2059,1,19
60.躍,1,60,7,14,躍,1384,1,21
61.身,1,61,7,0,身,394,2,7
61.射,1,61,7,3,射,1015,2,10
62.車,1,62,7,0,車,62,2,7
62.軌,1,62,7,2,軌,1306,1,9
62.軒,1,62,7,3,軒,508,2,10
62.転,1,62,7,4,転,65,1,11
62.軟,1,62,7,4,軟,1308,2,11
62.軽,1,62,7,5,軽,116,2,12
62.軸,1,62,7,5,軸,1589,2,12
62.較,1,62,7,6,較,500,2,13
62.輪,1,62,7,8,輪,498,2,15
62.輸,1,62,7,9,輸,499,2,16
62.轄,1,62,7,10,轄,1590,1,17
63.配,1,63,7,3,配,727,2,10
63.酌,1,63,7,3,酌,1591,2,10
63.酎,1,63,7,3,酎,1961,1,10
63.酔,1,63,7,4,酔,728,2,11
63.酢,1,63,7,5,酢,1592,2,12
63.酪,1,63,7,6,酪,1593,2,13
63.酬,1,63,7,6,酬,1594,1,13
63.酸,1,63,7,7,酸,1420,1,14
63.酵,1,63,7,7,酵,1595,1,14
63.酷,1,63,7,7,酷,1596,1,14
63.醒,1,63,7,9,醒,2047,1,16
63.醜,1,63,7,10,醜,1755,2,17
63.醸,1,63,7,13,醸,1651,1,20
64.釈,1,64,7,4,釈,763,2,11
65.里,1,65,7,0,里,1025,2,7
65.野,1,65,7,4,野,404,1,11
66.君,1,66,7,0,君,1289,2,7
66.郡,1,66,7,3,郡,552,2,10
66.群,1,66,7,6,群,489,2,13
67.金,1,67,8,0,金,21,2,8
67.針,1,67,8,2,針,729,2,10
67.釣,1,67,8,3,釣,1335,2,11
67.鈍,1,67,8,4,鈍,1372,1,12
67.鉄,1,67,8,5,鉄,147,1,13
67.鉱,1,67,8,5,鉱,876,1,13
67.鈴,1,67,8,5,鈴,1336,2,13
67.鉛,1,67,8,5,鉛,1339,2,13
67.鉢,1,67,8,5,鉢,1597,1,13
67.銀,1,67,8,6,銀,57,2,14
67.銅,1,67,8,6,銅,1340,1,14
67.銭,1,67,8,6,銭,1598,2,14
67.銃,1,67,8,6,銃,1599,1,14
67.銘,1,67,8,6,銘,1600,1,14
67.鋭,1,67,8,7,鋭,1373,2,15
67.鋳,1,67,8,7,鋳,1601,1,15
67.録,1,67,8,8,録,730,1,16
67.鋼,1,67,8,8,鋼,1337,1,16
67.錬,1,67,8,8,錬,1602,1,16
67.錯,1,67,8,8,錯,1603,2,16
67.錠,1,67,8,8,錠,1604,1,16
67.錮,1,67,8,8,錮,2044,1,16
67.錦,1,67,8,8,錦,2134,1,16
67.鍛,1,67,8,9,鍛,1605,1,17
67.鍋,1,67,8,9,鍋,1966,1,17
67.鍵,1,67,8,9,鍵,2028,1,17
67.鎖,1,67,8,10,鎖,1338,1,18
67.鎮,1,67,8,10,鎮,1606,1,18
67.鎌,1,67,8,10,鎌,1952,1,18
67.鏡,1,67,8,11,鏡,1034,1,19
67.鐘,1,67,8,12,鐘,1607,1,20
67.鑑,1,67,8,15,鑑,1608,1,23
68.青,1,68,8,0,青,47,3,8
68.静,1,68,8,6,静,247,1,14
69.食,1,69,8,1,食,131,2,9
69.飢,1,69,8,2,飢,1346,2,10
69.飲,1,69,8,4,飲,132,1,12
69.飯,1,69,8,4,飯,604,2,12
69.飾,1,69,8,5,飾,603,1,13
69.飼,1,69,8,5,飼,1348,2,13
69.飽,1,69,8,5,飽,1632,2,13
69.餓,1,69,8,7,餓,1347,1,15
69.館,1,69,8,8,館,330,1,16
70.幸,1,70,8,0,幸,894,2,8
70.執,1,70,8,3,執,1823,1,11
70.報,1,70,8,4,報,891,2,12
71.乾,1,71,8,3,乾,904,1,11
71.朝,1,71,8,4,朝,91,2,12
71.幹,1,71,8,5,幹,1230,1,13
71.韓,1,71,8,10,韓,1954,1,18
72.就,1,72,8,4,就,514,1,12
73.革,1,73,9,0,革,996,2,9
73.靴,1,73,9,4,靴,995,2,13
74.音,1,74,9,0,音,620,2,9
74.韻,1,74,9,10,韻,1903,1,19
75.餅,1,75,9,6,餅,1959,1,15
75.餌,1,75,9,6,餌,1960,1,15
76.馬,1,76,10,0,馬,484,2,10
76.駅,1,76,10,4,駅,56,2,14
76.駄,1,76,10,4,駄,1610,1,14
76.駆,1,76,10,4,駆,1611,2,14
76.駐,1,76,10,5,駐,1386,2,15
76.駒,1,76,10,5,駒,2019,1,15
76.験,1,76,10,8,験,793,1,18
76.騒,1,76,10,8,騒,794,2,18
76.騎,1,76,10,8,騎,1874,1,18
77.骨,1,77,10,0,骨,1104,2,10
77.骸,1,77,10,6,骸,1991,1,16
77.髄,1,77,10,9,髄,1793,1,19
78.競,1,78,10,10,競,1020,1,20
79.魚,1,79,11,0,魚,485,2,11
79.鮮,1,79,11,6,鮮,916,2,17
79.鯨,1,79,11,8,鯨,915,1,19
80.勧,1,80,11,2,勧,1615,2,13
80.歓,1,80,11,4,歓,1132,2,15
80.観,1,80,11,7,観,805,2,18
81.孔,2,81,1,3,孔,1881,2,4
81.礼,2,81,1,4,礼,822,2,5
81.札,2,81,1,4,札,984,2,5
81.乱,2,81,1,6,乱,932,2,7
81.乳,2,81,1,7,乳,821,1,8
82.机,2,82,2,4,机,38,2,6
82.肌,2,82,2,4,肌,1345,3,6
82.処,2,82,2,3,処,1212,1,5
82.飢,2,82,2,8,飢,1346,2,10
83.切,2,83,2,2,切,250,1,4
84.刈,2,84,2,2,刈,1612,1,4
84.刊,2,84,2,3,刊,1138,1,5
84.列,2,84,2,4,列,812,2,6
84.刑,2,84,2,4,刑,1052,1,6
84.利,2,84,2,5,利,248,2,7
84.別,2,84,2,5,別,397,1,7
84.判,2,84,2,5,判,899,1,7
84.到,2,84,2,6,到,287,2,8
84.制,2,84,2,6,制,687,1,8
84.刷,2,84,2,6,刷,1137,1,8
84.刻,2,84,2,6,刻,1139,1,8
84.刺,2,84,2,6,刺,1319,1,8
84.刹,2,84,2,6,刹,2111,1,8
84.則,2,84,2,7,則,808,2,9
84.削,2,84,2,7,削,1320,1,9
84.剣,2,84,2,8,剣,791,1,10
84.剖,2,84,2,8,剖,1609,1,10
84.剛,2,84,2,8,剛,1613,1,10
84.剤,2,84,2,8,剤,1780,1,10
84.剝,2,84,2,8,剝,2060,1,10
84.副,2,84,2,9,副,898,1,11
84.剰,2,84,2,9,剰,1321,1,11
84.割,2,84,2,10,割,786,1,12
84.創,2,84,2,10,創,1113,1,12
84.劇,2,84,2,13,劇,1140,1,15
85.刀,2,85,2,0,刀,441,2,2
85.功,2,85,2,3,功,378,2,5
85.幼,2,85,2,3,幼,1099,2,5
85.助,2,85,2,5,助,826,1,7
85.励,2,85,2,5,励,832,1,7
85.効,2,85,2,6,効,501,1,8
85.劾,2,85,2,6,劾,1614,1,8
85.勅,2,85,2,7,勅,1895,1,9
85.勃,2,85,2,7,勃,2087,1,9
85.動,2,85,2,9,動,64,1,11
85.勘,2,85,2,9,勘,1757,1,11
85.勤,2,85,2,10,勤,525,1,12
85.勧,2,85,2,11,勧,1615,2,13
86.比,2,86,2,2,比,276,1,4
86.化,2,86,2,2,化,414,2,4
86.北,2,86,2,3,北,42,1,5
86.靴,2,86,2,11,靴,995,2,13
87.汁,2,87,2,3,汁,1399,2,5
87.計,2,87,2,7,計,288,2,9
87.針,2,87,2,8,針,729,2,10
88.印,2,88,2,4,印,1136,1,6
88.即,2,88,2,5,即,700,2,7
88.却,2,88,2,5,却,1616,1,7
88.卸,2,88,2,7,卸,918,1,9
89.仏,2,89,2,2,仏,416,2,4
89.払,2,89,2,3,払,189,2,5
89.私,2,89,2,5,私,72,2,7
90.又,2,90,2,0,又,1762,2,2
90.収,2,90,2,2,収,828,1,4
90.双,2,90,2,2,双,1763,1,4
90.取,2,90,2,6,取,270,2,8
90.叔,2,90,2,6,叔,1766,1,8
90.叙,2,90,2,7,叙,1617,1,9
91.丁,2,91,2,0,丁,550,2,2
91.打,2,91,2,3,打,771,2,5
91.灯,2,91,2,4,灯,871,2,6
91.町,2,91,2,5,町,549,2,7
91.訂,2,91,2,7,訂,1206,2,9
92.加,2,92,3,2,加,295,1,5
92.知,2,92,3,5,知,143,2,8
92.和,2,92,3,5,和,352,2,8
93.寸,2,93,3,0,寸,367,2,3
93.付,2,93,3,2,付,365,2,5
93.対,2,93,3,4,対,363,1,7
93.村,2,93,3,4,村,364,2,7
93.封,2,93,3,6,封,372,1,9
93.耐,2,93,3,6,耐,1618,1,9
93.討,2,93,3,7,討,946,2,10
93.射,2,93,3,7,射,1015,2,10
93.尉,2,93,3,8,尉,1882,1,11
94.己,2,94,3,0,己,632,2,3
94.妃,2,94,3,3,妃,1869,2,6
94.紀,2,94,3,6,紀,634,2,9
94.記,2,94,3,7,記,633,2,10
94.配,2,94,3,7,配,727,2,10
95.干,2,95,3,0,干,506,2,3
95.汗,2,95,3,3,汗,507,2,6
95.肝,2,95,3,4,肝,1107,2,7
95.軒,2,95,3,7,軒,508,2,10
96.形,2,96,3,4,形,509,1,7
96.彫,2,96,3,8,彫,1358,1,11
96.彩,2,96,3,8,彩,1619,1,11
96.彰,2,96,3,11,彰,1620,1,14
96.影,2,96,3,12,影,1022,1,15
96.膨,2,96,3,13,膨,1354,2,16
97.邦,2,97,3,4,邦,1621,1,7
97.那,2,97,3,4,那,2112,1,7
97.邸,2,97,3,5,邸,1238,1,8
97.邪,2,97,3,5,邪,1417,2,8
97.郊,2,97,3,6,郊,503,1,9
97.郎,2,97,3,6,郎,546,2,9
97.郡,2,97,3,7,郡,552,2,10
97.郭,2,97,3,8,郭,1773,1,11
97.部,2,97,3,8,部,53,1,11
97.郵,2,97,3,8,郵,226,1,11
97.都,2,97,3,8,都,338,1,11
97.郷,2,97,3,8,郷,1024,1,11
98.行,2,98,3,3,行,58,2,6
98.術,2,98,3,8,術,370,2,11
98.街,2,98,3,9,街,371,2,12
98.衝,2,98,3,12,衝,1388,2,15
98.衛,2,98,3,13,衛,780,2,16
98.衡,2,98,3,13,衡,1449,2,16
99.才,2,99,3,0,才,739,2,3
99.材,2,99,3,4,材,740,2,7
99.財,2,99,3,7,財,741,2,10
100.及,2,100,3,0,及,1098,2,3
100.吸,2,100,3,3,吸,272,2,6
100.扱,2,100,3,3,扱,1266,2,6
100.級,2,100,3,6,級,410,2,9
101.他,2,101,3,2,他,415,2,5
101.地,2,101,3,3,地,146,2,6
101.池,2,101,3,3,池,452,2,6
102.的,2,102,3,5,的,380,1,8
102.約,2,102,3,6,約,381,2,9
102.酌,2,102,3,7,酌,1591,2,10
102.釣,2,102,3,8,釣,1335,2,11
103.成,2,103,4,2,成,377,1,6
103.伐,2,103,4,2,伐,1422,2,6
103.我,2,103,4,3,我,1164,1,7
103.戒,2,103,4,3,戒,1334,1,7
103.威,2,103,4,5,威,1333,1,9
103.械,2,103,4,7,械,511,2,11
103.戚,2,103,4,7,戚,2121,1,11
103.減,2,103,4,8,減,430,2,12
103.戦,2,103,4,9,戦,360,1,13
103.戯,2,103,4,11,戯,1901,1,15
104.支,2,104,4,0,支,368,2,4
104.技,2,104,4,3,技,369,2,7
104.岐,2,104,4,3,岐,1443,2,7
104.枝,2,104,4,4,枝,972,2,8
104.肢,2,104,4,4,肢,1355,2,8
104.鼓,2,104,4,9,鼓,1827,1,13
105.改,2,105,4,3,改,726,1,7
105.攻,2,105,4,3,攻,1040,2,7
105.放,2,105,4,4,放,723,2,8
105.枚,2,105,4,4,枚,982,2,8
105.牧,2,105,4,4,牧,1273,2,8
105.政,2,105,4,5,政,530,1,9
105.故,2,105,4,5,故,722,1,9
105.致,2,105,4,6,致,725,2,10
105.敏,2,105,4,6,敏,1800,1,10
105.教,2,105,4,7,教,214,1,11
105.敗,2,105,4,7,敗,718,2,11
105.救,2,105,4,7,救,934,1,11
105.赦,2,105,4,7,赦,1897,1,11
105.敬,2,105,4,8,敬,478,1,12
105.散,2,105,4,8,散,721,1,12
105.敢,2,105,4,8,敢,1622,1,12
105.数,2,105,4,9,数,529,1,13
105.敵,2,105,4,11,敵,658,1,15
105.敷,2,105,4,11,敷,724,1,15
106.斗,2,106,4,0,斗,1918,2,4
106.科,2,106,4,5,科,565,2,9
106.料,2,106,4,6,料,240,2,10
106.斜,2,106,4,7,斜,1391,1,11
107.斤,2,107,4,0,斤,1914,2,4
107.折,2,107,4,3,折,772,2,7
107.祈,2,107,4,4,祈,823,2,8
107.析,2,107,4,4,析,985,2,8
107.所,2,107,4,4,所,149,1,8
107.断,2,107,4,7,断,900,1,11
107.斬,2,107,4,7,斬,2061,1,11
107.新,2,107,4,9,新,85,1,13
107.漸,2,107,4,10,漸,1503,2,14
108.方,2,108,4,0,方,43,4,4
108.防,2,108,4,3,防,781,2,7
108.坊,2,108,4,3,坊,782,2,7
108.妨,2,108,4,3,妨,784,2,7
108.肪,2,108,4,4,肪,1351,2,8
108.紡,2,108,4,6,紡,1563,2,10
108.訪,2,108,4,7,訪,783,2,11
109.月,2,109,4,0,月,17,2,4
109.明,2,109,4,4,明,106,2,8
109.朗,2,109,4,6,朗,1628,2,10
109.朝,2,109,4,8,朝,91,2,12
109.期,2,109,4,8,期,690,1,12
110.欠,2,110,4,0,欠,659,2,4
110.次,2,110,4,2,次,660,2,6
110.欧,2,110,4,4,欧,554,1,8
110.炊,2,110,4,4,炊,1311,2,8
110.欲,2,110,4,7,欲,1124,2,11
110.軟,2,110,4,7,軟,1308,2,11
110.欺,2,110,4,8,欺,1623,1,12
110.款,2,110,4,8,款,1624,1,12
110.歌,2,110,4,10,歌,200,1,14
110.歓,2,110,4,11,歓,1132,2,15
111.投,2,111,4,3,投,282,2,7
111.役,2,111,4,3,役,609,2,7
111.殴,2,111,4,4,殴,1625,1,8
111.段,2,111,4,5,段,608,1,9
111.殺,2,111,4,6,殺,610,1,10
111.設,2,111,4,7,設,611,2,11
111.殻,2,111,4,7,殻,1626,1,11
111.殿,2,111,4,9,殿,1093,1,13
111.毀,2,111,4,9,毀,2043,1,13
111.穀,2,111,4,10,穀,1627,1,14
112.犬,2,112,4,0,犬,319,2,4
112.状,2,112,4,3,状,829,2,7
112.献,2,112,4,9,献,1181,1,13
112.獄,2,112,4,10,獄,1518,2,14
112.獣,2,112,4,12,獣,1864,1,16
113.枠,2,113,4,4,枠,510,2,8
113.砕,2,113,4,5,砕,1550,2,9
113.粋,2,113,4,6,粋,1069,2,10
113.酔,2,113,4,7,酔,728,2,11
114.分,2,114,4,0,分,26,2,4
114.紛,2,114,4,6,紛,1298,2,10
114.粉,2,114,4,6,粉,1557,2,10
115.抗,2,115,4,3,抗,747,2,7
115.坑,2,115,4,3,坑,1925,2,7
115.航,2,115,4,6,航,649,2,10
116.反,2,116,4,0,反,362,2,4
116.仮,2,116,4,2,仮,1141,2,6
116.坂,2,116,4,3,坂,605,2,7
116.阪,2,116,4,3,阪,1948,2,7
116.板,2,116,4,4,板,987,2,8
116.版,2,116,4,4,版,1142,1,8
116.飯,2,116,4,8,飯,604,2,12
116.販,2,116,4,7,販,1223,2,11
117.尺,2,117,4,0,尺,762,2,4
117.択,2,117,4,3,択,764,2,7
117.沢,2,117,4,3,沢,1395,2,7
117.訳,2,117,4,7,訳,761,2,11
117.釈,2,117,4,7,釈,763,2,11
117.駅,2,117,4,10,駅,56,2,14
118.少,2,118,4,0,少,105,2,4
118.妙,2,118,4,3,妙,1150,2,7
118.抄,2,118,4,3,抄,1465,2,7
118.秒,2,118,4,5,秒,1151,2,9
118.砂,2,118,4,5,砂,1152,2,9
119.服,2,119,4,4,服,317,2,8
119.報,2,119,4,8,報,891,2,12
120.区,2,120,4,0,区,548,2,4
120.枢,2,120,4,4,枢,1530,2,8
120.駆,2,120,4,10,駆,1611,2,14
121.生,2,121,5,0,生,49,2,5
121.性,2,121,5,3,性,421,2,8
121.姓,2,121,5,3,姓,598,2,8
121.牲,2,121,5,4,牲,938,2,9
122.畑,2,122,5,4,畑,872,2,9
122.細,2,122,5,6,細,123,2,11
123.白,2,123,5,0,白,44,2,5
123.泊,2,123,5,3,泊,207,2,8
123.拍,2,123,5,3,拍,1255,2,8
123.舶,2,123,5,6,舶,1573,2,11
124.皮,2,124,5,0,皮,1144,2,5
124.波,2,124,5,3,波,913,2,8
124.彼,2,124,5,3,彼,1146,2,8
124.惰,2,124,5,7,惰,1460,2,12
124.破,2,124,5,5,破,1037,2,10
124.被,2,124,5,5,被,1145,2,10
125.召,2,125,5,0,召,1691,2,5
125.招,2,125,5,3,招,696,2,8
125.茂,2,125,5,3,茂,1840,2,8
125.昭,2,125,5,4,昭,867,2,9
125.紹,2,125,5,6,紹,694,2,11
125.詔,2,125,5,7,詔,1932,2,12
126.沿,2,126,5,3,沿,1128,2,8
126.船,2,126,5,6,船,647,2,11
126.鉛,2,126,5,8,鉛,1339,2,13
127.台,2,127,5,0,台,532,3,5
127.始,2,127,5,3,始,129,2,8
127.治,2,127,5,3,治,531,2,8
127.胎,2,127,5,4,胎,1544,2,9
128.径,2,128,5,3,径,1448,2,8
128.経,2,128,5,6,経,515,2,11
128.軽,2,128,5,7,軽,116,2,12
129.令,2,129,5,0,令,998,2,5
129.冷,2,129,5,2,冷,662,2,7
129.鈴,2,129,5,8,鈴,1336,2,13
129.齢,2,129,5,12,齢,1404,1,17
130.包,2,130,5,0,包,1013,2,5
130.抱,2,130,5,3,抱,1012,2,8
130.泡,2,130,5,3,泡,1629,2,8
130.胞,2,130,5,4,胞,1630,2,9
130.砲,2,130,5,5,砲,1631,2,10
130.飽,2,130,5,8,飽,1632,2,13
131.主,2,131,5,0,主,70,2,5
131.住,2,131,5,2,住,141,2,7
131.注,2,131,5,3,注,290,2,8
131.往,2,131,5,3,往,520,2,8
131.柱,2,131,5,4,柱,990,2,9
131.駐,2,131,5,10,駐,1386,2,15
132.司,2,132,5,0,司,1204,2,5
132.伺,2,132,5,2,伺,1245,2,7
132.詞,2,132,5,7,詞,1205,2,12
132.飼,2,132,5,8,飼,1348,2,13
132.嗣,2,132,5,8,嗣,1885,1,13
133.作,2,133,5,2,作,137,2,7
133.昨,2,133,5,4,昨,621,2,9
133.詐,2,133,5,7,詐,1575,2,12
133.酢,2,133,5,7,酢,1592,2,12
134.且,2,134,5,0,且,1922,2,5
134.阻,2,134,5,3,阻,1519,2,8
134.祖,2,134,5,4,祖,824,2,9
134.租,2,134,5,5,租,1893,2,10
134.組,2,134,5,6,組,635,2,11
134.粗,2,134,5,6,粗,1560,2,11
135.申,2,135,5,0,申,585,2,5
135.伸,2,135,5,2,伸,1246,2,7
135.神,2,135,5,4,神,586,2,9
135.紳,2,135,5,6,紳,1299,2,11
136.由,2,136,5,0,由,623,2,5
136.油,2,136,5,3,油,624,2,8
136.抽,2,136,5,3,抽,1254,2,8
136.軸,2,136,5,7,軸,1589,2,12
137.羊,2,137,6,0,羊,488,2,6
137.洋,2,137,6,3,洋,917,2,9
137.祥,2,137,6,4,祥,1542,2,10
137.群,2,137,6,7,群,489,2,13
137.詳,2,137,6,7,詳,944,2,13
137.鮮,2,137,6,11,鮮,916,2,17
138.羽,2,138,6,0,羽,491,2,6
138.翻,2,138,6,12,翻,760,1,18
139.律,2,139,6,3,律,519,2,9
139.津,2,139,6,3,津,1397,2,9
140.舌,2,140,6,0,舌,1288,3,6
140.活,2,140,6,3,活,517,2,9
140.括,2,140,6,3,括,1472,2,9
140.話,2,140,6,7,話,178,2,13
141.限,2,141,6,3,限,975,2,9
141.恨,2,141,6,3,恨,1452,2,9
141.根,2,141,6,4,根,974,2,10
141.眼,2,141,6,5,眼,976,2,11
141.銀,2,141,6,8,銀,57,2,14
142.色,2,142,6,0,色,316,2,6
142.絶,2,142,6,6,絶,734,2,12
142.艶,2,142,6,13,艶,2070,1,19
143.独,2,143,6,3,独,559,2,9
143.触,2,143,6,7,触,1382,2,13
143.融,2,143,6,10,融,1237,1,16
144.寺,2,144,6,0,寺,328,3,6
144.侍,2,144,6,2,侍,1878,2,8
144.持,2,144,6,3,持,142,2,9
144.待,2,144,6,3,待,195,2,9
144.時,2,144,6,4,時,25,2,10
144.特,2,144,6,4,特,398,2,10
144.詩,2,144,6,7,詩,945,2,13
145.各,2,145,6,0,各,851,3,6
145.格,2,145,6,4,格,852,2,10
145.略,2,145,6,5,略,1195,2,11
145.絡,2,145,6,6,絡,300,2,12
145.路,2,145,6,7,路,533,2,13
145.酪,2,145,6,7,酪,1593,2,13
146.交,2,146,6,0,交,504,2,6
146.校,2,146,6,4,校,51,2,10
146.絞,2,146,6,6,絞,1565,2,12
146.較,2,146,6,7,較,500,2,13
147.毎,2,147,6,0,毎,164,2,6
147.侮,2,147,6,2,侮,1801,2,8
147.海,2,147,6,3,海,454,2,9
147.梅,2,147,6,4,梅,969,2,10
147.悔,2,147,6,3,悔,1219,2,9
148.浅,2,148,6,3,浅,122,2,9
148.残,2,148,6,4,残,223,2,10
148.桟,2,148,6,4,桟,1532,2,10
148.践,2,148,6,7,践,1588,2,13
148.銭,2,148,6,8,銭,1598,2,14
149.朱,2,149,6,0,朱,1768,2,6
149.殊,2,149,6,4,殊,813,2,10
149.株,2,149,6,4,株,973,2,10
149.珠,2,149,6,4,珠,1769,2,10
150.兆,2,150,6,0,兆,1269,2,6
150.挑,2,150,6,3,挑,1268,2,9
150.桃,2,150,6,4,桃,971,2,10
150.跳,2,150,6,7,跳,1586,2,13
151.見,2,151,7,0,見,139,2,7
151.現,2,151,7,4,現,578,2,11
151.視,2,151,7,4,視,806,2,11
151.規,2,151,7,4,規,807,1,11
151.親,2,151,7,9,親,249,1,16
151.観,2,151,7,11,観,805,2,18
152.谷,2,152,7,0,谷,458,4,7
152.俗,2,152,7,2,俗,1243,2,9
152.浴,2,152,7,3,浴,1126,2,10
152.裕,2,152,7,5,裕,1125,2,12
153.豚,2,153,7,4,豚,1089,2,11
154.辛,2,154,7,0,辛,344,3,7
154.辞,2,154,7,6,辞,931,2,13
155.振,2,155,7,3,振,770,2,10
155.娠,2,155,7,3,娠,1331,2,10
156.理,2,156,7,4,理,241,2,11
157.悦,2,157,7,3,悦,1453,2,10
157.脱,2,157,7,4,脱,191,2,11
157.税,2,157,7,5,税,670,2,12
157.説,2,157,7,7,説,292,2,14
157.鋭,2,157,7,8,鋭,1373,2,15
158.余,2,158,7,0,余,959,2,7
158.除,2,158,7,3,除,958,2,10
158.徐,2,158,7,3,徐,1390,2,10
159.捕,2,159,7,3,捕,1049,2,10
159.浦,2,159,7,3,浦,1846,2,10
159.補,2,159,7,5,補,1001,2,12
159.舗,2,159,7,8,舗,1830,1,15
160.束,2,160,7,0,束,382,2,7
160.疎,2,160,7,5,疎,1826,1,12
160.辣,2,160,7,7,辣,2065,1,14
161.疑,2,161,7,7,疑,693,1,14
162.長,2,162,8,0,長,89,2,8
162.帳,2,162,8,3,帳,1184,2,11
162.張,2,162,8,3,張,1185,2,11
163.隷,2,163,8,8,隷,1872,1,16
164.准,2,164,8,2,准,1635,2,10
164.推,2,164,8,3,推,1009,2,11
164.唯,2,164,8,3,唯,1636,2,11
164.雄,2,164,8,4,雄,1637,1,12
164.稚,2,164,8,5,稚,1100,2,13
164.雅,2,164,8,5,雅,1638,2,13
164.雑,2,164,8,6,雑,523,1,14
164.維,2,164,8,6,維,1297,2,14
164.雌,2,164,8,6,雌,1639,1,14
164.誰,2,164,8,7,誰,81,2,15
164.難,2,164,8,10,難,526,1,18
164.離,2,164,8,11,離,1008,1,19
165.情,2,165,8,3,情,654,2,11
165.清,2,165,8,3,清,754,2,11
165.晴,2,165,8,4,晴,281,2,12
165.精,2,165,8,6,精,877,2,14
165.請,2,165,8,7,請,878,2,15
166.倹,2,166,8,2,倹,1425,2,10
166.険,2,166,8,3,険,790,2,11
166.検,2,166,8,4,検,792,2,12
166.騒,2,166,8,10,騒,794,2,18
167.倫,2,167,8,2,倫,497,2,10
167.論,2,167,8,7,論,496,2,15
167.輪,2,167,8,7,輪,498,2,15
168.昔,2,168,8,0,昔,428,2,8
168.借,2,168,8,2,借,182,2,10
168.惜,2,168,8,3,惜,1455,2,11
168.措,2,168,8,3,措,1476,2,11
168.錯,2,168,8,8,錯,1603,2,16
169.倍,2,169,8,2,倍,158,2,10
169.培,2,169,8,3,培,1640,2,11
169.陪,2,169,8,3,陪,1641,2,11
169.賠,2,169,8,7,賠,1642,2,15
170.直,2,170,8,0,直,220,2,8
170.値,2,170,8,2,値,426,2,10
170.植,2,170,8,4,植,678,2,12
170.殖,2,170,8,4,殖,1540,2,12
171.非,2,171,8,0,非,707,2,8
171.俳,2,171,8,2,俳,1167,2,10
171.排,2,171,8,3,排,1262,2,11
172.帰,2,172,8,2,帰,134,1,10
172.婦,2,172,8,3,婦,597,2,11
173.頂,2,173,9,2,頂,1643,1,11
173.頃,2,173,9,2,頃,2037,1,11
173.順,2,173,9,3,順,952,2,12
173.項,2,173,9,3,項,1222,2,12
173.須,2,173,9,3,須,2105,1,12
173.預,2,173,9,4,預,571,1,13
173.頑,2,173,9,4,頑,1644,1,13
173.頒,2,173,9,4,頒,1645,1,13
173.煩,2,173,9,4,煩,1646,2,13
173.頓,2,173,9,4,頓,2085,1,13
173.領,2,173,9,5,領,999,1,14
173.頭,2,173,9,7,頭,166,2,16
173.頼,2,173,9,7,頼,572,1,16
173.頰,2,173,9,7,頰,1971,1,16
173.頻,2,173,9,8,頻,1221,1,17
173.類,2,173,9,9,類,563,1,18
173.顔,2,173,9,9,顔,573,1,18
173.額,2,173,9,9,額,861,1,18
173.顕,2,173,9,9,顕,1647,1,18
173.顎,2,173,9,9,顎,1972,1,18
173.願,2,173,9,10,願,862,1,19
173.顧,2,173,9,12,顧,1648,1,21
174.偏,2,174,9,2,偏,1176,2,11
174.編,2,174,9,6,編,883,2,15
175.愉,2,175,9,3,愉,1458,2,12
175.輸,2,175,9,7,輸,499,2,16
175.諭,2,175,9,7,諭,1579,2,16
176.揮,2,176,9,3,揮,776,2,12
176.輝,2,176,9,6,輝,777,1,15
177.弾,2,177,9,3,弾,590,2,12
177.禅,2,177,9,4,禅,589,2,13
178.場,2,178,9,3,場,335,2,12
178.陽,2,178,9,3,陽,834,2,12
178.湯,2,178,9,3,湯,836,2,12
178.揚,2,178,9,3,揚,1481,2,12
178.腸,2,178,9,4,腸,1106,2,13
179.復,2,179,9,3,復,521,2,12
179.腹,2,179,9,4,腹,1088,2,13
179.複,2,179,9,5,複,522,2,14
180.偉,2,180,10,2,偉,1242,2,12
180.緯,2,180,10,6,緯,1570,2,16
181.鬼,2,181,10,0,鬼,1752,3,10
181.塊,2,181,10,3,塊,1753,2,13
181.魂,2,181,10,4,魂,1754,1,14
181.醜,2,181,10,7,醜,1755,2,17
182.溝,2,182,10,3,溝,1499,2,13
182.構,2,182,10,4,構,991,2,14
182.講,2,182,10,7,講,495,2,17
182.購,2,182,10,7,購,1210,2,17
183.鳥,2,183,11,0,鳥,486,2,11
183.鳴,2,183,11,3,鳴,487,2,14
183.鶏,2,183,11,8,鶏,1863,1,19
183.鶴,2,183,11,10,鶴,2004,1,21
184.曽,2,184,11,0,曽,2120,2,11
184.僧,2,184,11,2,僧,1430,2,13
184.増,2,184,11,3,増,429,2,14
184.憎,2,184,11,3,憎,1462,2,14
184.贈,2,184,11,7,贈,1224,2,18
185.責,2,185,11,0,責,638,3,11
185.債,2,185,11,2,債,1249,2,13
185.漬,2,185,11,3,漬,1506,2,14
185.積,2,185,11,5,積,886,2,16
185.績,2,185,11,6,績,885,2,17
186.適,2,186,11,3,適,657,2,14
186.摘,2,186,11,3,摘,1256,2,14
186.滴,2,186,11,3,滴,1504,2,14
186.嫡,2,186,11,3,嫡,1870,2,14
187.義,2,187,13,0,義,493,3,13
187.儀,2,187,13,2,儀,936,2,15
187.犠,2,187,13,4,犠,937,2,17
187.議,2,187,13,7,議,494,2,20
188.獲,2,188,13,3,獲,1408,2,16
188.穫,2,188,13,5,穫,1409,2,18
188.護,2,188,13,7,護,1115,2,20
189.操,2,189,13,3,操,1485,2,16
189.燥,2,189,13,4,燥,903,2,17
189.繰,2,189,13,6,繰,902,2,19
190.一,3,190,1,0,一,1,2,1
190.二,3,190,1,1,二,2,1,2
190.丁,3,190,1,1,丁,550,2,2
190.三,3,190,1,2,三,3,1,3
190.万,3,190,1,2,万,13,1,3
190.下,3,190,1,2,下,32,1,3
190.五,3,190,1,3,五,5,1,4
190.不,3,190,1,3,不,422,1,4
190.天,3,190,1,3,天,462,1,4
190.戸,3,190,1,3,戸,534,2,4
190.互,3,190,1,3,互,1080,1,4
190.平,3,190,1,4,平,351,1,5
190.正,3,190,1,4,正,407,2,5
190.可,3,190,1,4,可,412,1,5
190.示,3,190,1,4,示,814,2,5
190.丙,3,190,1,4,丙,1909,1,5
190.瓦,3,190,1,4,瓦,2027,1,5
190.百,3,190,1,5,百,11,3,6
190.西,3,190,1,5,西,40,1,6
190.死,3,190,1,5,死,258,1,6
190.両,3,190,1,5,両,556,1,6
190.再,3,190,1,5,再,992,1,6
190.吏,3,190,1,5,吏,1883,1,6
190.否,3,190,1,6,否,1006,2,7
190.更,3,190,1,6,更,1076,1,7
190.亜,3,190,1,6,亜,1818,1,7
190.雨,3,190,1,7,雨,232,2,8
190.画,3,190,1,7,画,235,2,8
190.面,3,190,1,8,面,438,1,9
190.夏,3,190,1,9,夏,97,2,10
190.憂,3,190,1,14,憂,1829,2,15
190.璽,3,190,1,18,璽,1942,1,19
191.千,3,191,1,2,千,12,1,3
191.乞,3,191,1,2,乞,2058,1,3
191.午,3,191,1,3,午,28,1,4
191.手,3,191,1,3,手,170,2,4
191.毛,3,191,1,3,毛,490,1,4
191.氏,3,191,1,3,氏,744,2,4
191.乏,3,191,1,3,乏,860,1,4
191.升,3,191,1,3,升,1915,1,4
191.屯,3,191,1,3,屯,1916,1,4
191.失,3,191,1,4,失,594,1,5
191.丘,3,191,1,4,丘,1202,1,5
191.斥,3,191,1,4,斥,1817,1,5
191.爪,3,191,1,3,爪,1974,2,4
191.年,3,191,1,5,年,24,1,6
191.毎,3,191,1,5,毎,164,2,6
191.気,3,191,1,5,気,246,1,6
191.向,3,191,1,5,向,557,1,6
191.缶,3,191,1,5,缶,920,2,6
191.朱,3,191,1,5,朱,1768,2,6
191.垂,3,191,1,7,垂,1322,1,8
191.重,3,191,1,8,重,115,1,9
191.乗,3,191,1,8,乗,135,1,9
191.盾,3,191,1,8,盾,956,1,9
191.卑,3,191,1,8,卑,1770,3,9
192.亡,3,192,2,1,亡,582,2,3
192.六,3,192,2,2,六,6,2,4
192.方,3,192,2,2,方,43,4,4
192.文,3,192,2,2,文,320,1,4
192.市,3,192,2,3,市,547,2,5
192.玄,3,192,2,3,玄,1276,1,5
192.交,3,192,2,4,交,504,2,6
192.衣,3,192,2,4,衣,889,2,6
192.充,3,192,2,4,充,1275,3,6
192.妄,3,192,2,4,妄,1696,3,6
192.忘,3,192,2,5,忘,209,3,7
192.夜,3,192,2,6,夜,93,1,8
192.京,3,192,2,6,京,233,1,8
192.卒,3,192,2,6,卒,306,2,8
192.育,3,192,2,6,育,879,3,8
192.盲,3,192,2,6,盲,1278,3,8
192.享,3,192,2,6,享,1772,2,8
192.斉,3,192,2,6,斉,1779,1,8
192.変,3,192,2,7,変,222,3,9
192.帝,3,192,2,7,帝,1066,2,9
192.亭,3,192,2,7,亭,1652,1,9
192.哀,3,192,2,7,哀,1804,1,9
192.高,3,192,2,8,高,83,1,10
192.恋,3,192,2,8,恋,1078,3,10
192.畜,3,192,2,8,畜,1274,2,10
192.衰,3,192,2,8,衰,1805,1,10
192.産,3,192,2,9,産,574,2,11
192.率,3,192,2,9,率,615,2,11
192.商,3,192,2,9,商,684,1,11
192.斎,3,192,2,9,斎,1781,1,11
192.蛮,3,192,2,10,蛮,1825,3,12
192.裏,3,192,2,11,裏,436,1,13
192.棄,3,192,2,11,棄,1653,3,13
192.豪,3,192,2,12,豪,1277,2,14
192.褒,3,192,2,13,褒,1933,1,15
193.今,3,193,2,2,今,27,1,4
193.介,3,193,2,2,介,695,1,4
193.令,3,193,2,3,令,998,2,5
193.会,3,193,2,4,会,59,1,6
193.全,3,193,2,4,全,160,1,6
193.企,3,193,2,4,企,701,1,6
193.余,3,193,2,5,余,959,2,7
193.含,3,193,2,5,含,1290,2,7
193.金,3,193,2,6,金,21,2,8
193.食,3,193,2,7,食,131,2,9
193.命,3,193,2,6,命,997,1,8
193.念,3,193,2,6,念,1117,2,8
193.舎,3,193,2,6,舎,1654,2,8
193.倉,3,193,2,8,倉,1112,1,10
193.傘,3,193,2,10,傘,1655,1,12
194.八,3,194,2,0,八,8,2,2
194.分,3,194,2,2,分,26,2,4
194.父,3,194,2,2,父,73,1,4
194.公,3,194,2,2,公,323,1,4
194.谷,3,194,2,5,谷,458,4,7
194.盆,3,194,2,7,盆,1314,2,9
194.釜,3,194,2,8,釜,1965,1,10
194.貧,3,194,2,9,貧,859,2,11
195.冗,3,195,2,2,冗,468,1,4
195.写,3,195,2,3,写,194,1,5
195.軍,3,195,2,7,軍,778,2,9
195.冠,3,195,2,7,冠,1656,1,9
195.冥,3,195,2,8,冥,2122,1,10
196.土,3,196,2,1,土,22,2,3
196.支,3,196,2,2,支,368,2,4
196.古,3,196,2,3,古,86,2,5
196.克,3,196,2,5,克,1374,2,7
196.直,3,196,2,6,直,220,2,8
196.南,3,196,2,7,南,41,1,9
196.真,3,196,2,8,真,242,2,10
196.索,3,196,2,8,索,1301,2,10
196.喪,3,196,2,10,喪,1807,1,12
197.台,3,197,2,3,台,532,3,5
197.弁,3,197,2,3,弁,1116,2,5
197.参,3,197,2,6,参,294,1,8
197.怠,3,197,2,7,怠,1698,2,9
198.羊,3,198,2,4,羊,488,2,6
198.弟,3,198,2,5,弟,76,1,7
198.並,3,198,2,6,並,221,1,8
198.前,3,198,2,7,前,29,1,9
198.首,3,198,2,7,首,393,2,9
198.美,3,198,2,7,美,673,3,9
198.差,3,198,2,8,差,674,2,10
198.益,3,198,2,8,益,921,2,10
198.兼,3,198,2,8,兼,1324,1,10
198.着,3,198,2,10,着,190,3,12
198.普,3,198,2,10,普,427,2,12
198.尊,3,198,2,10,尊,479,2,12
198.善,3,198,2,10,善,676,3,12
198.義,3,198,2,11,義,493,3,13
198.慈,3,198,2,11,慈,1778,2,13
198.養,3,198,2,13,養,675,3,15
199.上,3,199,2,1,上,31,2,3
199.占,3,199,2,3,占,1016,2,5
199.卓,3,199,2,6,卓,1030,2,8
199.点,3,199,2,7,点,399,2,9
199.貞,3,199,2,7,貞,1764,3,9
200.予,3,200,2,2,予,403,1,4
200.矛,3,200,2,3,矛,955,1,5
200.勇,3,200,2,7,勇,1154,2,9
200.柔,3,200,2,7,柔,1310,2,9
201.色,3,201,2,4,色,316,2,6
201.争,3,201,2,4,争,361,1,6
201.危,3,201,2,4,危,789,1,6
201.角,3,201,2,5,角,716,2,7
201.免,3,201,2,6,免,941,3,8
201.負,3,201,2,7,負,717,2,9
201.魚,3,201,2,9,魚,485,2,11
201.亀,3,201,2,9,亀,2003,1,11
201.象,3,201,2,10,象,939,2,12
202.兄,3,202,3,2,兄,75,2,5
202.号,3,202,3,2,号,442,1,5
202.足,3,202,3,4,足,171,2,7
202.呈,3,202,3,4,呈,1657,2,7
202.呉,3,202,3,4,呉,1926,2,7
202.呂,3,202,3,4,呂,2020,1,7
202.品,3,202,3,6,品,683,1,9
202.員,3,202,3,7,員,395,2,10
203.去,3,203,3,2,去,309,1,5
203.寺,3,203,3,3,寺,328,3,6
203.赤,3,203,3,4,赤,46,1,7
203.走,3,203,3,4,走,177,2,7
203.幸,3,203,3,5,幸,894,2,8
204.士,3,204,3,0,士,755,1,3
204.吉,3,204,3,3,吉,893,2,6
204.売,3,204,3,4,売,187,2,7
204.声,3,204,3,4,声,619,1,7
204.志,3,204,3,4,志,756,2,7
204.壱,3,204,3,4,壱,1911,1,7
205.冬,3,205,3,2,冬,99,1,5
205.各,3,205,3,3,各,851,3,6
205.条,3,205,3,4,条,750,2,7
206.大,3,206,3,0,大,87,2,3
206.太,3,206,3,1,太,124,1,4
206.奇,3,206,3,5,奇,1292,1,8
206.奔,3,206,3,5,奔,1819,1,8
206.奈,3,206,3,5,奈,1947,1,8
206.奪,3,206,3,11,奪,1407,2,14
206.奮,3,206,3,13,奮,1406,2,16
207.安,3,207,3,3,安,84,1,6
207.字,3,207,3,3,字,528,2,6
207.守,3,207,3,3,守,537,2,6
207.宅,3,207,3,3,宅,538,1,6
207.宇,3,207,3,3,宇,1252,1,6
207.宛,3,207,3,5,宛,2039,1,8
207.完,3,207,3,4,完,817,1,7
207.定,3,207,3,5,定,289,1,8
207.官,3,207,3,5,官,540,1,8
207.宝,3,207,3,5,宝,576,1,8
207.実,3,207,3,5,実,672,1,8
207.宗,3,207,3,5,宗,816,2,8
207.宙,3,207,3,5,宙,1253,1,8
207.宜,3,207,3,5,宜,1658,1,8
207.客,3,207,3,6,客,318,1,9
207.室,3,207,3,6,室,331,1,9
207.宣,3,207,3,6,宣,850,1,9
207.家,3,207,3,7,家,52,1,10
207.案,3,207,3,7,案,305,2,10
207.害,3,207,3,7,害,785,1,10
207.宴,3,207,3,7,宴,849,2,10
207.宮,3,207,3,7,宮,929,1,10
207.容,3,207,3,7,容,1123,2,10
207.宰,3,207,3,7,宰,1659,2,10
207.宵,3,207,3,7,宵,1907,1,10
207.宿,3,207,3,8,宿,326,1,11
207.密,3,207,3,8,密,1103,2,11
207.寄,3,207,3,8,寄,1120,1,11
207.寂,3,207,3,8,寂,1380,1,11
207.寒,3,207,3,9,寒,120,1,12
207.富,3,207,3,9,富,629,2,12
207.寝,3,207,3,10,寝,127,1,13
207.寛,3,207,3,10,寛,1379,2,13
207.塞,3,207,3,10,塞,2119,1,13
207.察,3,207,3,11,察,475,2,14
207.寧,3,207,3,11,寧,1378,1,14
207.寡,3,207,3,11,寡,1660,1,14
207.蜜,3,207,3,11,蜜,1957,2,14
207.寮,3,207,3,12,寮,1183,1,15
207.審,3,207,3,12,審,1661,1,15
207.賓,3,207,3,12,賓,1662,1,15
207.憲,3,207,3,13,憲,787,2,16
208.当,3,208,3,3,当,402,1,6
208.光,3,208,3,3,光,464,2,6
208.肖,3,208,3,4,肖,1811,2,7
208.尚,3,208,3,5,尚,1810,1,8
208.党,3,208,3,7,党,710,3,10
208.常,3,208,3,8,常,708,3,11
208.堂,3,208,3,8,堂,709,3,11
208.掌,3,208,3,9,掌,1677,3,12
208.賞,3,208,3,12,賞,711,3,15
209.労,3,209,3,4,労,443,3,7
209.学,3,209,3,5,学,50,3,8
209.単,3,209,3,6,単,359,1,9
209.栄,3,209,3,6,栄,1188,3,9
209.挙,3,209,3,7,挙,1189,2,10
209.蛍,3,209,3,8,蛍,1676,3,11
209.巣,3,209,3,8,巣,1862,2,11
209.覚,3,209,3,9,覚,208,3,12
209.営,3,209,3,9,営,930,3,12
209.誉,3,209,3,10,誉,1713,2,13
209.厳,3,209,3,14,厳,1190,1,17
210.岸,3,210,3,5,岸,456,1,8
210.岩,3,210,3,5,岩,457,2,8
210.炭,3,210,3,6,炭,875,1,9
210.崩,3,210,3,8,崩,1663,1,11
210.崇,3,210,3,8,崇,1664,1,11
210.崖,3,210,3,8,崖,2008,1,11
210.嵐,3,210,3,9,嵐,2007,1,12
211.貢,3,211,3,7,貢,1180,2,10
212.芝,3,212,3,3,芝,568,1,6
212.芋,3,212,3,3,芋,1834,1,6
212.花,3,212,3,4,花,314,1,7
212.芸,3,212,3,4,芸,566,1,7
212.芳,3,212,3,4,芳,1665,1,7
212.芯,3,212,3,4,芯,2026,2,7
212.若,3,212,3,5,若,125,1,8
212.英,3,212,3,5,英,155,1,8
212.苦,3,212,3,5,苦,342,1,8
212.芽,3,212,3,5,芽,1835,1,8
212.茎,3,212,3,5,茎,1836,1,8
212.苗,3,212,3,5,苗,1837,2,8
212.茂,3,212,3,5,茂,1840,2,8
212.苛,3,212,3,5,苛,2115,1,8
212.茶,3,212,3,6,茶,145,1,9
212.草,3,212,3,6,草,567,2,9
212.荘,3,212,3,6,荘,1369,1,9
212.荒,3,212,3,6,荒,1666,1,9
212.茨,3,212,3,6,茨,1943,1,9
212.荷,3,212,3,7,荷,570,1,10
212.華,3,212,3,7,華,1323,1,10
212.菜,3,212,3,8,菜,774,2,11
212.著,3,212,3,8,著,1031,1,11
212.菌,3,212,3,8,菌,1368,1,11
212.菓,3,212,3,8,菓,1667,1,11
212.菊,3,212,3,8,菊,1833,1,11
212.萎,3,212,3,8,萎,2118,1,11
212.落,3,212,3,9,落,280,1,12
212.葉,3,212,3,9,葉,569,2,12
212.葬,3,212,3,9,葬,801,2,12
212.募,3,212,3,9,募,1155,2,12
212.葛,3,212,3,9,葛,2011,1,12
212.蓄,3,212,3,10,蓄,743,1,13
212.夢,3,212,3,10,夢,800,2,13
212.蒸,3,212,3,10,蒸,802,2,13
212.墓,3,212,3,10,墓,1156,2,13
212.幕,3,212,3,10,幕,1157,2,13
212.蓋,3,212,3,10,蓋,2025,1,13
212.暮,3,212,3,11,暮,1158,2,14
212.慕,3,212,3,11,慕,1668,2,14
212.蔑,3,212,3,11,蔑,2096,1,14
212.蔵,3,212,3,12,蔵,1111,1,15
212.蔽,3,212,3,12,蔽,2052,1,15
212.薬,3,212,3,13,薬,315,2,16
212.薄,3,212,3,13,薄,799,1,16
212.薦,3,212,3,13,薦,1411,1,16
212.薫,3,212,3,13,薫,1710,2,16
212.薪,3,212,3,13,薪,1838,1,16
212.藩,3,212,3,15,藩,1890,1,18
212.繭,3,212,3,15,繭,1941,1,18
212.藤,3,212,3,15,藤,2012,1,18
212.藍,3,212,3,15,藍,2013,1,18
212.藻,3,212,3,16,藻,1839,1,19
213.亡,3,213,3,0,亡,582,2,3
213.妄,3,213,3,3,妄,1696,3,6
213.忘,3,213,3,4,忘,209,3,7
213.盲,3,213,3,5,盲,1278,3,8
214.旦,3,214,4,1,旦,2038,1,5
214.早,3,214,4,2,早,117,1,6
214.易,3,214,4,4,易,434,1,8
214.昇,3,214,4,4,昇,1280,1,8
214.昆,3,214,4,4,昆,1859,1,8
214.星,3,214,4,5,星,463,1,9
214.冒,3,214,4,5,冒,1669,2,9
214.是,3,214,4,5,是,1670,2,9
214.暑,3,214,4,8,暑,119,1,12
214.量,3,214,4,8,量,435,2,12
214.最,3,214,4,8,最,439,1,12
214.景,3,214,4,8,景,1021,1,12
214.晶,3,214,4,8,晶,1808,1,12
214.暴,3,214,4,11,暴,1043,1,15
214.曇,3,214,4,12,曇,1281,1,16
215.査,3,215,4,5,査,825,1,9
215.森,3,215,4,8,森,460,1,12
216.止,3,216,4,0,止,217,2,4
216.歩,3,216,4,4,歩,176,1,8
216.肯,3,216,4,4,肯,1403,2,8
216.歯,3,216,4,8,歯,702,1,12
216.歳,3,216,4,9,歳,703,1,13
217.炎,3,217,4,4,炎,1803,2,8
218.琴,3,218,4,8,琴,1906,1,12
219.考,3,219,4,2,考,212,1,6
219.老,3,219,4,2,老,737,1,6
219.孝,3,219,4,3,孝,738,2,7
219.者,3,219,4,4,者,148,2,8
220.貫,3,220,4,7,貫,1714,2,11
221.爪,3,221,4,0,爪,1974,2,4
221.妥,3,221,4,3,妥,1332,2,7
221.受,3,221,4,4,受,269,1,8
221.采,3,221,4,4,采,2089,1,8
221.愛,3,221,4,9,愛,1079,2,13
221.爵,3,221,4,13,爵,1875,1,17
222.麦,3,222,4,3,麦,637,3,7
222.青,3,222,4,4,青,47,3,8
222.表,3,222,4,4,表,437,2,8
222.毒,3,222,4,4,毒,788,1,8
222.素,3,222,4,6,素,636,2,10
222.責,3,222,4,7,責,638,3,11
223.充,3,223,4,2,充,1275,3,6
223.育,3,223,4,4,育,879,3,8
223.棄,3,223,4,9,棄,1653,3,13
224.甚,3,224,5,4,甚,1756,1,9
225.男,3,225,5,2,男,67,2,7
225.里,3,225,5,2,里,1025,2,7
225.界,3,225,5,4,界,157,1,9
225.思,3,225,5,4,思,202,2,9
225.胃,3,225,5,4,胃,1105,2,9
225.畏,3,225,5,4,畏,2117,1,9
225.異,3,225,5,6,異,1196,2,11
225.累,3,225,5,6,累,1302,2,11
225.畳,3,225,5,7,畳,1303,1,12
225.塁,3,225,5,7,塁,1692,2,12
226.発,3,226,5,4,発,286,1,9
226.登,3,226,5,7,登,472,2,12
227.秀,3,227,5,2,秀,1171,1,7
227.委,3,227,5,3,委,697,2,8
227.季,3,227,5,3,季,698,2,8
227.香,3,227,5,4,香,1705,1,9
228.穴,3,228,5,0,穴,1122,2,5
228.究,3,228,5,2,究,298,1,7
228.空,3,228,5,3,空,461,1,8
228.突,3,228,5,3,突,1121,2,8
228.窃,3,228,5,4,窃,1673,1,9
228.窓,3,228,5,6,窓,231,2,11
228.窒,3,228,5,6,窒,1674,1,11
228.窟,3,228,5,8,窟,2010,1,13
228.窮,3,228,5,10,窮,1675,1,15
228.窯,3,228,5,10,窯,1900,1,15
229.辛,3,229,5,2,辛,344,3,7
229.音,3,229,5,4,音,620,2,9
229.竜,3,229,5,5,竜,1867,1,10
229.産,3,229,5,6,産,574,2,11
229.章,3,229,5,6,章,1027,2,11
229.童,3,229,5,7,童,1026,2,12
229.意,3,229,5,8,意,291,2,13
230.買,3,230,5,7,買,188,2,12
230.置,3,230,5,8,置,262,1,13
230.罪,3,230,5,8,罪,1047,1,13
230.署,3,230,5,8,署,1316,1,13
230.罰,3,230,5,9,罰,1317,1,14
230.罷,3,230,5,10,罷,1671,1,15
230.罵,3,230,5,10,罵,2098,1,15
230.羅,3,230,5,14,羅,1672,1,19
231.奉,3,231,5,3,奉,1678,1,8
231.奏,3,231,5,4,奏,1679,1,9
231.泰,3,231,5,5,泰,1680,1,10
232.党,3,232,5,5,党,710,3,10
232.常,3,232,5,6,常,708,3,11
232.堂,3,232,5,6,堂,709,3,11
232.掌,3,232,5,7,掌,1677,3,12
232.賞,3,232,5,10,賞,711,3,15
233.労,3,233,5,2,労,443,3,7
233.学,3,233,5,3,学,50,3,8
233.栄,3,233,5,4,栄,1188,3,9
233.蛍,3,233,5,6,蛍,1676,3,11
233.覚,3,233,5,7,覚,208,3,12
233.営,3,233,5,7,営,930,3,12
234.竹,3,234,6,0,竹,374,2,6
234.笑,3,234,6,4,笑,251,1,10
234.第,3,234,6,5,第,354,1,11
234.符,3,234,6,5,符,357,1,11
234.笛,3,234,6,5,笛,1681,1,11
234.答,3,234,6,6,答,213,1,12
234.等,3,234,6,6,等,353,1,12
234.筆,3,234,6,6,筆,355,1,12
234.筒,3,234,6,6,筒,373,1,12
234.策,3,234,6,6,策,1057,1,12
234.筋,3,234,6,6,筋,1059,1,12
234.節,3,234,6,7,節,699,1,13
234.算,3,234,6,8,算,356,2,14
234.管,3,234,6,8,管,539,1,14
234.箇,3,234,6,8,箇,1682,1,14
234.箋,3,234,6,8,箋,1983,1,14
234.箱,3,234,6,9,箱,1060,1,15
234.範,3,234,6,9,範,1061,1,15
234.箸,3,234,6,9,箸,1963,1,15
234.築,3,234,6,10,築,1056,2,16
234.篤,3,234,6,10,篤,1683,1,16
234.簡,3,234,6,12,簡,358,1,18
234.簿,3,234,6,13,簿,1684,1,19
234.籍,3,234,6,14,籍,1058,1,20
234.籠,3,234,6,16,籠,2024,1,22
235.美,3,235,6,3,美,673,3,9
235.差,3,235,6,4,差,674,2,10
235.羞,3,235,6,5,羞,2103,1,11
235.着,3,235,6,6,着,190,3,12
235.善,3,235,6,6,善,676,3,12
235.義,3,235,6,7,義,493,3,13
235.羨,3,235,6,7,羨,2090,1,13
235.養,3,235,6,9,養,675,3,15
236.習,3,236,6,5,習,201,2,11
236.翌,3,236,6,5,翌,492,2,11
236.翼,3,236,6,11,翼,1304,2,17
237.自,3,237,6,0,自,63,2,6
237.臭,3,237,6,3,臭,1285,2,9
237.息,3,237,6,4,息,1118,2,10
237.鼻,3,237,6,8,鼻,1286,2,14
238.血,3,238,6,0,血,928,2,6
238.衆,3,238,6,6,衆,1194,1,12
239.要,3,239,6,3,要,424,2,9
239.票,3,239,6,5,票,1199,2,11
239.覆,3,239,6,12,覆,1686,1,18
239.覇,3,239,6,13,覇,1685,1,19
240.曲,3,240,6,0,曲,625,2,6
240.農,3,240,6,7,農,626,2,13
240.豊,3,240,6,7,豊,628,2,13
241.変,3,241,6,3,変,222,3,9
241.恋,3,241,6,4,恋,1078,3,10
241.蛮,3,241,6,6,蛮,1825,3,12
242.券,3,242,6,2,券,714,1,8
242.巻,3,242,6,3,巻,715,1,9
243.唇,3,243,7,3,唇,1794,2,10
243.辱,3,243,7,3,辱,1795,1,10
244.番,3,244,7,5,番,551,2,12
245.隻,3,245,8,2,隻,1917,1,10
245.集,3,245,8,4,集,224,1,12
245.焦,3,245,8,4,焦,1385,2,12
246.雨,3,246,8,0,雨,232,2,8
246.雪,3,246,8,3,雪,842,1,11
246.雲,3,246,8,4,雲,844,1,12
246.雰,3,246,8,4,雰,1063,1,12
246.電,3,246,8,5,電,61,1,13
246.雷,3,246,8,5,雷,843,2,13
246.零,3,246,8,5,零,1687,1,13
246.需,3,246,8,6,需,681,1,14
246.震,3,246,8,7,震,847,2,15
246.霊,3,246,8,7,霊,1688,1,15
246.霜,3,246,8,9,霜,1689,1,17
246.霧,3,246,8,11,霧,845,1,19
246.露,3,246,8,13,露,846,1,21
247.悲,3,247,8,4,悲,341,2,12
247.輩,3,247,8,7,輩,1166,2,15
248.無,3,248,8,4,無,400,2,12
248.舞,3,248,8,7,舞,981,1,15
249.元,4,249,2,2,元,245,1,4
249.兄,4,249,2,3,兄,75,2,5
249.先,4,249,2,4,先,48,1,6
249.光,4,249,2,4,光,464,2,6
249.充,4,249,2,4,充,1275,3,6
249.見,4,249,2,5,見,139,2,7
249.売,4,249,2,5,売,187,2,7
249.克,4,249,2,5,克,1374,2,7
249.児,4,249,2,5,児,1375,1,7
249.免,4,249,2,6,免,941,3,8
249.党,4,249,2,8,党,710,3,10
249.寛,4,249,2,11,寛,1379,2,13
249.覧,4,249,2,15,覧,1831,2,17
250.六,4,250,2,2,六,6,2,4
250.穴,4,250,2,3,穴,1122,2,5
250.共,4,250,2,4,共,419,1,6
250.貝,4,250,2,5,貝,719,2,7
250.兵,4,250,2,5,兵,994,1,7
250.呉,4,250,2,5,呉,1926,2,7
250.典,4,250,2,6,典,630,1,8
250.具,4,250,2,6,具,720,1,8
250.貞,4,250,2,7,貞,1764,3,9
250.真,4,250,2,8,真,242,2,10
250.黄,4,250,2,9,黄,993,1,11
250.異,4,250,2,9,異,1196,2,11
250.興,4,250,2,14,興,631,1,16
250.翼,4,250,2,15,翼,1304,2,17
251.力,4,251,2,0,力,173,2,2
251.劣,4,251,2,4,劣,1153,1,6
251.男,4,251,2,5,男,67,2,7
251.労,4,251,2,5,労,443,3,7
251.努,4,251,2,5,努,827,1,7
251.勇,4,251,2,7,勇,1154,2,9
251.募,4,251,2,10,募,1155,2,12
251.勢,4,251,2,11,勢,865,1,13
252.辛,4,252,2,5,辛,344,3,7
252.卒,4,252,2,6,卒,306,2,8
252.卓,4,252,2,6,卓,1030,2,8
252.阜,4,252,2,6,阜,1946,1,8
252.草,4,252,2,7,草,567,2,9
252.卑,4,252,2,7,卑,1770,3,9
252.宰,4,252,2,8,宰,1659,2,10
252.率,4,252,2,9,率,615,2,11
252.章,4,252,2,9,章,1027,2,11
252.準,4,252,2,11,準,614,1,13
253.右,4,253,3,2,右,35,2,5
253.古,4,253,3,2,古,86,2,5
253.石,4,253,3,2,石,102,2,5
253.台,4,253,3,2,台,532,3,5
253.占,4,253,3,2,占,1016,2,5
253.司,4,253,3,2,司,1204,2,5
253.召,4,253,3,2,召,1691,2,5
253.名,4,253,3,3,名,82,1,6
253.合,4,253,3,3,合,271,1,6
253.各,4,253,3,3,各,851,3,6
253.吉,4,253,3,3,吉,893,2,6
253.舌,4,253,3,3,舌,1288,3,6
253.后,4,253,3,3,后,1873,1,6
253.言,4,253,3,4,言,203,2,7
253.谷,4,253,3,4,谷,458,4,7
253.告,4,253,3,4,告,892,1,7
253.否,4,253,3,4,否,1006,2,7
253.君,4,253,3,4,君,1289,2,7
253.含,4,253,3,4,含,1290,2,7
253.岩,4,253,3,5,岩,457,2,8
253.舎,4,253,3,5,舎,1654,2,8
253.哲,4,253,3,7,哲,1010,1,10
253.容,4,253,3,7,容,1123,2,10
253.唇,4,253,3,7,唇,1794,2,10
253.啓,4,253,3,8,啓,1690,1,11
253.喜,4,253,3,9,喜,253,1,12
253.善,4,253,3,9,善,676,3,12
253.営,4,253,3,9,営,930,3,12
254.圧,4,254,3,2,圧,1197,2,5
254.至,4,254,3,3,至,1198,2,6
254.型,4,254,3,6,型,1318,1,9
254.基,4,254,3,8,基,691,1,11
254.堂,4,254,3,8,堂,709,3,11
254.堅,4,254,3,9,堅,1228,1,12
254.塁,4,254,3,9,塁,1692,2,12
254.堕,4,254,3,9,堕,1693,1,12
254.墓,4,254,3,10,墓,1156,2,13
254.塗,4,254,3,10,塗,1694,1,13
254.塑,4,254,3,10,塑,1939,1,13
254.塾,4,254,3,11,塾,863,1,14
254.墨,4,254,3,11,墨,1695,1,14
254.墜,4,254,3,12,墜,1218,1,15
254.壁,4,254,3,13,壁,1029,1,16
254.墾,4,254,3,13,墾,1798,1,16
255.麦,4,255,3,4,麦,637,3,7
255.変,4,255,3,6,変,222,3,9
255.夏,4,255,3,7,夏,97,2,10
255.愛,4,255,3,10,愛,1079,2,13
255.憂,4,255,3,12,憂,1829,2,15
256.夕,4,256,3,0,夕,95,2,3
256.多,4,256,3,3,多,104,1,6
256.夢,4,256,3,10,夢,800,2,13
257.央,4,257,3,2,央,706,1,5
257.突,4,257,3,5,突,1121,2,8
257.美,4,257,3,6,美,673,3,9
257.契,4,257,3,6,契,751,1,9
257.臭,4,257,3,6,臭,1285,2,9
257.奥,4,257,3,9,奥,71,1,12
257.奨,4,257,3,10,奨,831,1,13
258.妄,4,258,3,3,妄,1696,3,6
258.妥,4,258,3,4,妥,1332,2,7
258.妻,4,258,3,5,妻,596,1,8
258.委,4,258,3,5,委,697,2,8
258.要,4,258,3,6,要,424,2,9
258.姿,4,258,3,6,姿,661,1,9
258.宴,4,258,3,7,宴,849,2,10
258.婆,4,258,3,8,婆,1902,1,11
259.字,4,259,3,3,字,528,2,6
259.孝,4,259,3,4,孝,738,2,7
259.学,4,259,3,5,学,50,3,8
259.季,4,259,3,5,季,698,2,8
259.享,4,259,3,5,享,1772,2,8
260.寺,4,260,3,3,寺,328,3,6
260.守,4,260,3,3,守,537,2,6
260.寿,4,260,3,4,寿,1327,1,7
260.専,4,260,3,6,専,797,1,9
260.尊,4,260,3,9,尊,479,2,12
260.尋,4,260,3,9,尋,1326,1,12
260.奪,4,260,3,11,奪,1407,2,14
260.導,4,260,3,12,導,480,1,15
261.缶,4,261,3,3,缶,920,2,6
261.岳,4,261,3,5,岳,1851,1,8
261.島,4,261,3,7,島,455,1,10
261.密,4,261,3,8,密,1103,2,11
262.市,4,262,3,2,市,547,2,5
262.布,4,262,3,2,布,887,2,5
262.希,4,262,3,4,希,888,1,7
262.帝,4,262,3,6,帝,1066,2,9
262.帯,4,262,3,7,帯,1065,1,10
262.常,4,262,3,8,常,708,3,11
262.幕,4,262,3,10,幕,1157,2,13
262.幣,4,262,3,12,幣,1796,1,15
263.弁,4,263,3,2,弁,1116,2,5
263.弄,4,263,3,4,弄,2094,1,7
263.葬,4,263,3,9,葬,801,2,12
263.算,4,263,3,11,算,356,2,14
263.鼻,4,263,3,11,鼻,1286,2,14
263.弊,4,263,3,12,弊,1797,1,15
264.県,4,264,3,6,県,336,1,9
265.心,4,265,4,0,心,172,1,4
265.忘,4,265,4,3,忘,209,3,7
265.志,4,265,4,3,志,756,2,7
265.忌,4,265,4,3,忌,1697,1,7
265.忍,4,265,4,3,忍,1775,1,7
265.芯,4,265,4,3,芯,2026,2,7
265.忠,4,265,4,4,忠,758,1,8
265.念,4,265,4,4,念,1117,2,8
265.思,4,265,4,5,思,202,2,9
265.怒,4,265,4,5,怒,255,1,9
265.急,4,265,4,5,急,260,1,9
265.怠,4,265,4,5,怠,1698,2,9
265.怨,4,265,4,5,怨,2100,1,9
265.恩,4,265,4,6,恩,757,1,10
265.恐,4,265,4,6,恐,759,1,10
265.恵,4,265,4,6,恵,1077,1,10
265.恋,4,265,4,6,恋,1078,3,10
265.息,4,265,4,6,息,1118,2,10
265.恣,4,265,4,6,恣,2113,1,10
265.悪,4,265,4,7,悪,114,1,11
265.窓,4,265,4,7,窓,231,2,11
265.患,4,265,4,7,患,1367,1,11
265.悠,4,265,4,7,悠,1699,1,11
265.悲,4,265,4,8,悲,341,2,12
265.惑,4,265,4,8,惑,1071,1,12
265.意,4,265,4,9,意,291,2,13
265.想,4,265,4,9,想,392,1,13
265.感,4,265,4,9,感,431,1,13
265.愁,4,265,4,9,愁,1700,1,13
265.愚,4,265,4,9,愚,1701,1,13
265.慈,4,265,4,9,慈,1778,2,13
265.態,4,265,4,10,態,451,1,14
265.慰,4,265,4,11,慰,1702,1,15
265.憲,4,265,4,12,憲,787,2,16
265.憩,4,265,4,12,憩,1287,1,16
265.懇,4,265,4,13,懇,1799,1,17
265.懲,4,265,4,14,懲,1703,1,18
265.懸,4,265,4,16,懸,450,1,20
266.恭,4,266,4,6,恭,1931,1,10
266.慕,4,266,4,10,慕,1668,2,14
267.手,4,267,4,0,手,170,2,4
267.挙,4,267,4,6,挙,1189,2,10
267.拳,4,267,4,6,拳,1973,1,10
267.掌,4,267,4,8,掌,1677,3,12
267.撃,4,267,4,11,撃,1041,1,15
267.摯,4,267,4,11,摯,2073,1,15
268.白,4,268,4,1,白,44,2,5
268.百,4,268,4,2,百,11,3,6
268.旨,4,268,4,2,旨,1349,1,6
268.者,4,268,4,4,者,148,2,8
268.昔,4,268,4,4,昔,428,2,8
268.春,4,268,4,5,春,96,1,9
268.書,4,268,4,6,書,181,1,10
268.曹,4,268,4,7,曹,1930,1,11
268.曽,4,268,4,7,曽,2120,2,11
268.替,4,268,4,8,替,375,1,12
268.普,4,268,4,8,普,427,2,12
268.暮,4,268,4,10,暮,1158,2,14
268.暦,4,268,4,10,暦,1720,2,14
268.暫,4,268,4,11,暫,1706,1,15
269.肖,4,269,4,3,肖,1811,2,7
269.青,4,269,4,4,青,47,3,8
269.育,4,269,4,4,育,879,3,8
269.肩,4,269,4,4,肩,1084,2,8
269.肯,4,269,4,4,肯,1403,2,8
269.背,4,269,4,5,背,1085,1,9
269.胃,4,269,4,5,胃,1105,2,9
269.骨,4,269,4,6,骨,1104,2,10
269.脅,4,269,4,6,脅,1707,1,10
269.脊,4,269,4,6,脊,1988,1,10
269.腎,4,269,4,9,腎,1987,1,13
270.未,4,270,4,1,未,583,1,5
270.末,4,270,4,1,末,584,1,5
270.来,4,270,4,3,来,133,1,7
270.条,4,270,4,3,条,750,2,7
270.果,4,270,4,4,果,502,1,8
270.染,4,270,4,5,染,908,1,9
270.栄,4,270,4,5,栄,1188,3,9
270.柔,4,270,4,5,柔,1310,2,9
270.架,4,270,4,5,架,1704,1,9
270.某,4,270,4,5,某,1759,1,9
270.案,4,270,4,6,案,305,2,10
270.桑,4,270,4,6,桑,1855,1,10
270.菜,4,270,4,7,菜,774,2,11
270.巣,4,270,4,7,巣,1862,2,11
270.梨,4,270,4,7,梨,1956,1,11
270.葉,4,270,4,8,葉,569,2,12
270.業,4,270,4,9,業,307,1,13
270.楽,4,270,4,9,楽,343,1,13
270.棄,4,270,4,9,棄,1653,3,13
270.彙,4,270,4,9,彙,2133,1,13
270.薬,4,270,4,12,薬,315,2,16
270.築,4,270,4,12,築,1056,2,16
271.泉,4,271,4,5,泉,840,1,9
272.災,4,272,4,3,災,873,1,7
272.炎,4,272,4,4,炎,1803,2,8
273.点,4,273,4,5,点,399,2,9
273.為,4,273,4,5,為,736,1,9
273.馬,4,273,4,6,馬,484,2,10
273.烈,4,273,4,6,烈,1708,1,10
273.黒,4,273,4,7,黒,45,1,11
273.鳥,4,273,4,7,鳥,486,2,11
273.無,4,273,4,8,無,400,2,12
273.然,4,273,4,8,然,401,1,12
273.煮,4,273,4,8,煮,1315,1,12
273.焦,4,273,4,8,焦,1385,2,12
273.蒸,4,273,4,9,蒸,802,2,13
273.照,4,273,4,9,照,868,1,13
273.煎,4,273,4,9,煎,1967,1,13
273.熊,4,273,4,10,熊,2000,1,14
273.熟,4,273,4,11,熟,864,1,15
273.熱,4,273,4,11,熱,866,1,15
273.黙,4,273,4,11,黙,869,1,15
273.勲,4,273,4,11,勲,1709,1,15
273.薫,4,273,4,12,薫,1710,2,16
274.主,4,274,4,1,主,70,2,5
274.玉,4,274,4,1,玉,575,1,5
274.呈,4,274,4,3,呈,1657,2,7
274.皇,4,274,4,5,皇,579,1,9
274.望,4,274,4,7,望,581,1,11
274.聖,4,274,4,9,聖,580,1,13
274.璧,4,274,4,14,璧,2075,1,18
275.友,4,275,4,0,友,79,2,4
275.髪,4,275,4,10,髪,1359,1,14
276.苗,4,276,5,3,苗,1837,2,8
276.留,4,276,5,5,留,432,1,10
276.畜,4,276,5,5,畜,1274,2,10
276.番,4,276,5,7,番,551,2,12
276.富,4,276,5,7,富,629,2,12
276.雷,4,276,5,8,雷,843,2,13
276.畿,4,276,5,10,畿,1951,1,15
276.奮,4,276,5,11,奮,1406,2,16
277.百,4,277,5,1,百,11,3,6
277.皆,4,277,5,4,皆,606,1,9
277.習,4,277,5,6,習,201,2,11
278.皿,4,278,5,0,皿,927,2,5
278.血,4,278,5,1,血,928,2,6
278.盆,4,278,5,4,盆,1314,2,9
278.益,4,278,5,5,益,921,2,10
278.盗,4,278,5,6,盗,268,1,11
278.盛,4,278,5,6,盛,922,1,11
278.盟,4,278,5,8,盟,923,1,13
278.監,4,278,5,10,監,925,1,15
278.盤,4,278,5,10,盤,1313,1,15
279.盲,4,279,5,3,盲,1278,3,8
279.省,4,279,5,4,省,389,1,9
279.首,4,279,5,4,首,393,2,9
279.看,4,279,5,4,看,1114,1,9
279.冒,4,279,5,4,冒,1669,2,9
279.眉,4,279,5,4,眉,1969,1,9
279.着,4,279,5,7,着,190,3,12
279.督,4,279,5,8,督,926,1,13
280.碁,4,280,5,8,碁,1828,1,13
281.示,4,281,5,0,示,814,2,5
281.宗,4,281,5,3,宗,816,2,8
281.祭,4,281,5,6,祭,473,1,11
281.票,4,281,5,6,票,1199,2,11
281.禁,4,281,5,8,禁,815,1,13
281.察,4,281,5,9,察,475,2,14
282.翌,4,282,5,6,翌,492,2,11
283.正,4,283,5,0,正,407,2,5
283.整,4,283,5,11,整,387,1,16
284.系,4,284,6,1,系,449,1,7
284.素,4,284,6,4,素,636,2,10
284.索,4,284,6,4,索,1301,2,10
284.累,4,284,6,5,累,1302,2,11
284.紫,4,284,6,6,紫,1711,1,12
284.緊,4,284,6,9,緊,1186,1,15
284.繁,4,284,6,10,繁,1187,1,16
285.翁,4,285,6,4,翁,1937,1,10
286.蚕,4,286,6,4,蚕,1866,1,10
286.蛍,4,286,6,5,蛍,1676,3,11
286.蛮,4,286,6,6,蛮,1825,3,12
286.蜜,4,286,6,8,蜜,1957,2,14
287.衣,4,287,6,0,衣,889,2,6
287.表,4,287,6,2,表,437,2,8
287.袋,4,287,6,5,袋,685,1,11
287.装,4,287,6,6,装,1370,1,12
287.裂,4,287,6,6,裂,1371,1,12
287.製,4,287,6,8,製,686,1,14
287.襲,4,287,6,16,襲,1042,1,22
288.覚,4,288,7,5,覚,208,3,12
288.覧,4,288,7,10,覧,1831,2,17
289.誉,4,289,7,6,誉,1713,2,13
289.誓,4,289,7,7,誓,1712,1,14
289.警,4,289,7,12,警,476,1,19
290.登,4,290,7,5,登,472,2,12
290.豊,4,290,7,6,豊,628,2,13
291.象,4,291,7,5,象,939,2,12
291.豪,4,291,7,7,豪,1277,2,14
292.負,4,292,7,2,負,717,2,9
292.貞,4,292,7,2,貞,1764,3,9
292.員,4,292,7,3,員,395,2,10
292.貢,4,292,7,3,貢,1180,2,10
292.責,4,292,7,4,責,638,3,11
292.貨,4,292,7,4,貨,857,1,11
292.貧,4,292,7,4,貧,859,2,11
292.貫,4,292,7,4,貫,1714,2,11
292.貪,4,292,7,4,貪,2067,1,11
292.貸,4,292,7,5,貸,183,1,12
292.買,4,292,7,5,買,188,2,12
292.貿,4,292,7,5,貿,433,1,12
292.貴,4,292,7,5,貴,855,1,12
292.費,4,292,7,5,費,858,1,12
292.賀,4,292,7,5,賀,1019,1,12
292.資,4,292,7,6,資,853,1,13
292.賃,4,292,7,6,賃,856,1,13
292.質,4,292,7,8,質,238,1,15
292.賛,4,292,7,8,賛,376,1,15
292.賞,4,292,7,8,賞,711,3,15
292.賢,4,292,7,9,賢,1227,1,16
293.軍,4,293,7,2,軍,778,2,9
293.輩,4,293,7,8,輩,1166,2,15
294.農,4,294,7,6,農,626,2,13
294.震,4,294,7,8,震,847,2,15
295.量,4,295,7,5,量,435,2,12
295.童,4,295,7,5,童,1026,2,12
296.響,4,296,9,11,響,1023,1,20
297.養,4,297,9,6,養,675,3,15
298.驚,4,298,10,12,驚,477,1,22
299.鹿,4,299,11,0,鹿,1998,2,11
299.麗,4,299,11,8,麗,1832,1,19
299.麓,4,299,11,8,麓,2009,1,19
300.反,5,300,2,2,反,362,2,4
300.厄,5,300,2,2,厄,1721,1,4
300.圧,5,300,2,3,圧,1197,2,5
300.灰,5,300,2,4,灰,874,1,6
300.厚,5,300,2,7,厚,848,1,9
300.厘,5,300,2,7,厘,1910,1,9
300.原,5,300,2,8,原,405,1,10
300.歴,5,300,2,12,歴,704,1,14
300.暦,5,300,2,12,暦,1720,2,14
301.友,5,301,2,2,友,79,2,4
301.右,5,301,2,3,右,35,2,5
301.左,5,301,2,3,左,36,1,5
301.布,5,301,2,3,布,887,2,5
301.有,5,301,2,4,有,347,1,6
301.存,5,301,2,4,存,587,1,6
301.在,5,301,2,4,在,588,1,6
302.尺,5,302,3,1,尺,762,2,4
302.尼,5,302,3,2,尼,1722,1,5
302.尻,5,302,3,2,尻,1979,1,5
302.尽,5,302,3,3,尽,1726,1,6
302.局,5,302,3,4,局,228,1,7
302.尾,5,302,3,4,尾,1723,1,7
302.尿,5,302,3,4,尿,1724,1,7
302.屈,5,302,3,5,屈,349,1,8
302.居,5,302,3,5,居,535,1,8
302.届,5,302,3,5,届,1090,1,8
302.屋,5,302,3,6,屋,54,1,9
302.展,5,302,3,7,展,1092,1,10
302.属,5,302,3,9,属,1091,1,12
302.層,5,302,3,11,層,1725,1,14
302.履,5,302,3,12,履,1405,1,15
303.広,5,303,3,2,広,113,1,5
303.庁,5,303,3,2,庁,541,1,5
303.床,5,303,3,4,床,543,1,7
303.序,5,303,3,4,序,953,1,7
303.応,5,303,3,4,応,1119,1,7
303.店,5,303,3,5,店,55,1,8
303.府,5,303,3,5,府,337,1,8
303.底,5,303,3,5,底,745,1,8
303.度,5,303,3,6,度,333,1,9
303.座,5,303,3,7,座,175,1,10
303.席,5,303,3,7,席,332,1,10
303.庭,5,303,3,7,庭,542,1,10
303.庫,5,303,3,7,庫,544,1,10
303.唐,5,303,3,7,唐,1727,1,10
303.康,5,303,3,8,康,1054,1,11
303.庶,5,303,3,8,庶,1413,1,11
303.麻,5,303,3,8,麻,1414,2,11
303.庸,5,303,3,8,庸,1728,1,11
303.鹿,5,303,3,8,鹿,1998,2,11
303.廊,5,303,3,9,廊,545,1,12
303.廃,5,303,3,9,廃,1412,1,12
303.廉,5,303,3,10,廉,1729,1,13
303.腐,5,303,3,11,腐,1730,1,14
303.慶,5,303,3,12,慶,1732,1,15
304.戸,5,304,4,0,戸,534,2,4
304.戻,5,304,4,3,戻,1201,1,7
304.房,5,304,4,4,房,1082,1,8
304.肩,5,304,4,4,肩,1084,2,8
304.扇,5,304,4,6,扇,1733,1,10
304.雇,5,304,4,8,雇,1083,1,12
304.扉,5,304,4,8,扉,1734,1,12
305.疫,5,305,5,4,疫,1735,1,9
305.病,5,305,5,5,病,229,1,10
305.疲,5,305,5,5,疲,275,1,10
305.症,5,305,5,5,症,1363,1,10
305.疾,5,305,5,5,疾,1736,1,10
305.痕,5,305,5,6,痕,1993,1,11
305.痛,5,305,5,7,痛,346,1,12
305.痢,5,305,5,7,痢,1737,1,12
305.痘,5,305,5,7,痘,1929,1,12
305.痩,5,305,5,7,痩,1982,1,12
305.痴,5,305,5,8,痴,1738,1,13
305.瘍,5,305,5,9,瘍,1992,1,14
305.療,5,305,5,12,療,1362,1,17
305.癖,5,305,5,13,癖,1364,1,18
305.癒,5,305,5,13,癒,1739,1,18
306.虎,5,306,6,2,虎,1999,1,8
306.虐,5,306,6,3,虐,1740,1,9
306.虚,5,306,6,5,虚,1741,1,11
306.虜,5,306,6,7,虜,1884,1,13
306.虞,5,306,6,7,虞,1940,1,13
306.慮,5,306,6,9,慮,1377,1,15
306.膚,5,306,6,9,膚,1742,1,15
307.麻,5,307,11,0,麻,1414,2,11
307.摩,5,307,11,4,摩,1415,1,15
307.磨,5,307,11,5,磨,1731,1,16
307.魔,5,307,11,10,魔,1418,1,21
308.廷,6,308,3,4,廷,1211,1,7
308.延,6,308,3,5,延,689,1,8
308.建,6,308,3,6,建,1055,1,9
309.込,6,309,3,2,込,961,1,5
309.辺,6,309,3,2,辺,962,1,5
309.巡,6,309,3,3,巡,1743,1,6
309.迅,6,309,3,3,迅,1744,1,6
309.近,6,309,3,4,近,109,1,7
309.返,6,309,3,4,返,184,1,7
309.迎,6,309,3,4,迎,1133,1,7
309.述,6,309,3,5,述,963,1,8
309.迫,6,309,3,5,迫,964,1,8
309.迭,6,309,3,5,迭,1745,1,8
309.送,6,309,3,6,送,206,1,9
309.逃,6,309,3,6,逃,283,1,9
309.退,6,309,3,6,退,348,1,9
309.逆,6,309,3,6,逆,386,1,9
309.追,6,309,3,6,追,966,1,9
309.迷,6,309,3,6,迷,1070,1,9
309.通,6,309,3,7,通,204,1,10
309.連,6,309,3,7,連,299,1,10
309.速,6,309,3,7,速,383,1,10
309.途,6,309,3,7,途,960,1,10
309.造,6,309,3,7,造,965,1,10
309.逐,6,309,3,7,逐,1216,1,10
309.透,6,309,3,7,透,1746,1,10
309.逝,6,309,3,7,逝,1747,1,10
309.逓,6,309,3,7,逓,1938,1,10
309.週,6,309,3,8,週,163,1,11
309.進,6,309,3,8,進,267,1,11
309.逮,6,309,3,8,逮,1048,1,11
309.逸,6,309,3,8,逸,1748,1,11
309.道,6,309,3,9,道,66,1,12
309.遅,6,309,3,9,遅,118,1,12
309.遊,6,309,3,9,遊,196,1,12
309.過,6,309,3,9,過,284,1,12
309.運,6,309,3,9,運,304,1,12
309.達,6,309,3,9,達,384,1,12
309.遍,6,309,3,9,遍,1177,1,12
309.遇,6,309,3,9,遇,1178,1,12
309.遂,6,309,3,9,遂,1217,1,12
309.遠,6,309,3,10,遠,110,1,13
309.違,6,309,3,10,違,385,1,13
309.遣,6,309,3,10,遣,1214,1,13
309.適,6,309,3,11,適,657,2,14
309.遮,6,309,3,11,遮,1749,1,14
309.遭,6,309,3,11,遭,1750,1,14
309.選,6,309,3,12,選,264,1,15
309.遺,6,309,3,12,遺,1179,1,15
309.遵,6,309,3,12,遵,1751,1,15
309.遷,6,309,3,12,遷,1896,1,15
309.還,6,309,3,13,還,1215,1,16
309.避,6,309,3,13,避,1365,1,16
310.遜,6,310,4,10,遜,2064,1,14
310.遡,6,310,4,10,遡,2083,1,14
311.走,6,311,7,0,走,177,2,7
311.赴,6,311,7,2,赴,1075,1,9
311.起,6,311,7,3,起,128,1,10
311.越,6,311,7,5,越,1073,1,12
311.超,6,311,7,5,超,1074,1,12
311.趣,6,311,7,8,趣,310,1,15
312.麦,6,312,7,0,麦,637,3,7
312.麺,6,312,7,9,麺,1958,1,16
313.免,6,313,8,0,免,941,3,8
313.勉,6,313,8,2,勉,140,1,10
314.是,6,314,9,0,是,1670,2,9
314.題,6,314,9,9,題,327,1,18
315.鬼,6,315,10,0,鬼,1752,3,10
315.魅,6,315,10,5,魅,1419,1,15
316.勾,7,316,2,2,勾,2045,1,4
316.匂,7,316,2,2,匂,2054,1,4
316.句,7,316,2,3,句,663,1,5
316.包,7,316,2,3,包,1013,2,5
316.旬,7,316,2,4,旬,664,1,6
317.式,7,317,3,3,式,796,1,6
317.弐,7,317,3,3,弐,1912,1,6
318.栽,7,318,6,4,栽,1821,1,10
318.裁,7,318,6,6,裁,1163,1,12
318.載,7,318,6,7,載,1307,1,13
318.戴,7,318,6,11,戴,2136,1,17
319.円,8.1,319,2,2,円,14,1,4
319.内,8.1,319,2,2,内,152,1,4
319.用,8.1,319,2,3,用,308,1,5
319.冊,8.1,319,2,3,冊,1312,1,5
319.同,8.1,319,2,4,同,350,1,6
319.肉,8.1,319,2,4,肉,561,1,6
319.周,8.1,319,2,6,周,558,1,8
319.岡,8.1,319,2,6,岡,1949,1,8
320.凶,8.2,320,2,2,凶,1812,1,4
320.出,8.2,320,2,3,出,185,1,5
320.凸,8.2,320,2,3,凸,1919,1,5
320.凹,8.2,320,2,3,凹,1920,1,5
320.画,8.2,320,2,6,画,235,2,8
321.区,8.3,321,2,2,区,548,2,4
321.巨,8.3,321,2,2,巨,1004,1,4
321.匹,8.3,321,2,2,匹,1203,1,4
321.臣,8.3,321,2,5,臣,1003,2,7
321.匠,8.3,321,2,4,匠,1715,1,6
321.医,8.3,321,2,5,医,325,1,7
321.匿,8.3,321,2,8,匿,1716,1,10
322.四,8.4,322,3,2,四,4,1,5
322.田,8.4,322,3,2,田,103,2,5
322.囚,8.4,322,3,2,囚,1717,1,5
322.回,8.4,322,3,3,回,162,1,6
322.団,8.4,322,3,3,団,366,1,6
322.因,8.4,322,3,3,因,406,1,6
322.困,8.4,322,3,4,困,254,1,7
322.図,8.4,322,3,4,図,329,1,7
322.囲,8.4,322,3,4,囲,1062,1,7
322.国,8.4,322,3,5,国,151,1,8
322.固,8.4,322,3,5,固,470,1,8
322.圏,8.4,322,3,9,圏,1251,1,12
322.園,8.4,322,3,10,園,324,1,13
323.門,8.1,323,8,0,門,445,1,8
323.閉,8.1,323,8,3,閉,216,1,11
323.問,8.1,323,8,3,問,239,1,11
323.間,8.1,323,8,4,間,161,1,12
323.開,8.1,323,8,4,開,215,1,12
323.閑,8.1,323,8,4,閑,1718,1,12
323.聞,8.1,323,8,6,聞,179,1,14
323.関,8.1,323,8,6,関,446,1,14
323.閥,8.1,323,8,6,閥,1192,1,14
323.閣,8.1,323,8,6,閣,1193,1,14
323.閲,8.1,323,8,7,閲,1719,1,15
323.闇,8.1,323,8,9,闇,2017,1,17
323.闘,8.1,323,8,10,闘,1328,1,18
0.一,9,0,0,1,一,1,2,1
0.乙,9,0,0,1,乙,1908,1,1
0.七,9,0,0,2,七,7,1,2
0.八,9,0,0,2,八,8,2,2
0.九,9,0,0,2,九,9,1,2
0.十,9,0,0,2,十,10,2,2
0.人,9,0,0,2,人,15,2,2
0.力,9,0,0,2,力,173,2,2
0.入,9,0,0,2,入,186,1,2
0.刀,9,0,0,2,刀,441,2,2
0.了,9,0,0,2,了,818,1,2
0.又,9,0,0,2,又,1762,2,2
0.上,9,0,0,3,上,31,2,3
0.女,9,0,0,3,女,68,2,3
0.子,9,0,0,3,子,69,2,3
0.大,9,0,0,3,大,87,2,3
0.小,9,0,0,3,小,88,1,3
0.夕,9,0,0,3,夕,95,2,3
0.山,9,0,0,3,山,100,2,3
0.川,9,0,0,3,川,101,2,3
0.口,9,0,0,3,口,167,2,3
0.寸,9,0,0,3,寸,367,2,3
0.工,9,0,0,3,工,379,2,3
0.凡,9,0,0,3,凡,467,1,3
0.干,9,0,0,3,干,506,2,3
0.丸,9,0,0,3,丸,591,1,3
0.弓,9,0,0,3,弓,592,2,3
0.己,9,0,0,3,己,632,2,3
0.与,9,0,0,3,与,713,1,3
0.才,9,0,0,3,才,739,2,3
0.久,9,0,0,3,久,1097,1,3
0.及,9,0,0,3,及,1098,2,3
0.丈,9,0,0,3,丈,1272,1,3
0.刃,9,0,0,3,刃,1774,1,3
0.巾,9,0,0,3,巾,2021,2,3
0.日,9,0,0,4,日,16,2,4
0.月,9,0,0,4,月,17,2,4
0.火,9,0,0,4,火,18,2,4
0.水,9,0,0,4,水,19,1,4
0.木,9,0,0,4,木,20,2,4
0.中,9,0,0,4,中,33,1,4
0.少,9,0,0,4,少,105,2,4
0.止,9,0,0,4,止,217,2,4
0.犬,9,0,0,4,犬,319,2,4
0.方,9,0,0,4,方,43,4,4
0.王,9,0,0,4,王,577,2,4
0.夫,9,0,0,4,夫,595,1,4
0.欠,9,0,0,4,欠,659,2,4
0.氏,9,0,0,4,氏,744,2,4
0.井,9,0,0,4,井,1064,1,4
0.片,9,0,0,4,片,1143,1,4
0.肌,9,0,0,6,肌,1345,3,6
0.丹,9,0,0,4,丹,1813,1,4
0.弔,9,0,0,4,弔,1815,1,4
0.斤,9,0,0,4,斤,1914,2,4
0.斗,9,0,0,4,斗,1918,2,4
0.牙,9,0,0,4,牙,2002,1,4
0.本,9,0,0,5,本,37,1,5
0.生,9,0,0,5,生,49,2,5
0.母,9,0,0,5,母,74,1,5
0.世,9,0,0,5,世,156,1,5
0.半,9,0,0,5,半,159,1,5
0.目,9,0,0,5,目,168,2,5
0.立,9,0,0,5,立,174,2,5
0.甘,9,0,0,5,甘,345,1,5
0.以,9,0,0,5,以,420,1,5
0.必,9,0,0,5,必,423,1,5
0.民,9,0,0,5,民,536,1,5
0.申,9,0,0,5,申,585,2,5
0.由,9,0,0,5,由,623,2,5
0.史,9,0,0,5,史,705,1,5
0.皿,9,0,0,5,皿,927,2,5
0.氷,9,0,0,5,氷,1095,1,5
0.永,9,0,0,5,永,1096,1,5
0.皮,9,0,0,5,皮,1144,2,5
0.旧,9,0,0,5,旧,1376,1,5
0.甲,9,0,0,5,甲,1816,1,5
0.且,9,0,0,5,且,1922,2,5
0.丼,9,0,0,5,丼,1964,1,5
0.自,9,0,0,6,自,63,2,6
0.耳,9,0,0,6,耳,169,2,6
0.竹,9,0,0,6,竹,374,2,6
0.糸,9,0,0,6,糸,409,2,6
0.虫,9,0,0,6,虫,466,2,6
0.羽,9,0,0,6,羽,491,2,6
0.州,9,0,0,6,州,553,1,6
0.米,9,0,0,6,米,562,2,6
0.良,9,0,0,7,良,602,1,7
0.曲,9,0,0,6,曲,625,2,6
0.舟,9,0,0,6,舟,646,2,6
0.求,9,0,0,7,求,933,1,7
0.卵,9,0,0,7,卵,1135,1,7
0.兆,9,0,0,6,兆,1269,2,6
0.串,9,0,0,7,串,1962,1,7
0.臼,9,0,0,6,臼,1975,1,6
0.車,9,0,0,7,車,62,2,7
0.束,9,0,0,7,束,382,2,7
0.身,9,0,0,7,身,394,2,7
0.東,9,0,0,8,東,39,1,8
0.長,9,0,0,8,長,89,2,8
0.事,9,0,0,8,事,237,1,8
0.非,9,0,0,8,非,707,2,8
0.承,9,0,0,8,承,819,1,8
0.武,9,0,0,8,武,1165,1,8
0.昼,9,0,0,9,昼,92,1,9
0.飛,9,0,0,9,飛,265,1,9
0.風,9,0,0,9,風,465,1,9
0.革,9,0,0,9,革,996,2,9
0.卑,9,0,0,9,卑,1770,3,9
0.衷,9,0,0,9,衷,1806,1,9
0.幽,9,0,0,9,幽,1820,1,9
0.鬼,9,0,0,10,鬼,1752,3,10
0.粛,9,0,0,11,粛,1824,1,11
0.爽,9,0,0,11,爽,2074,1,11
0.幾,9,0,0,12,幾,408,1,12
0.器,9,0,0,15,器,682,1,15